roll,pitch,yaw
2.944654,7.342011,152.357807
0.683803,-1.96936,160.563873
-1.154623,-4.461509,158.070464
1.899908,7.868729,155.762865
-1.514265,-6.711894,155.211206
-2.34899,-6.263518,154.060528
-0.011922,-3.840879,154.867097
0.957506,0.402912,151.84252
-0.248376,2.023534,154.597568
2.606001,6.76075,152.355489
2.572034,5.565678,160.011333
-1.389539,-0.156963,155.945163
0.782538,0.454965,158.215508
2.906704,6.141137,158.131669
1.72166,-3.830826,153.068315
2.787943,-7.161989,159.121573
-0.316799,3.035886,153.991167
2.734914,-2.684699,156.304571
1.984665,-4.59865,151.625127
-1.188294,5.799575,150.927716
-2.502277,4.090253,152.755158
-0.48611,4.889889,158.61954
-0.740878,-3.999087,153.302155
-0.133959,1.790488,158.414027
1.899802,1.468809,158.214894
-0.645138,-1.061293,153.929961
-2.234808,5.737835,152.568721
-2.9026,7.323124,153.677801
-0.504068,2.334308,160.219461
-1.568661,7.485136,153.589661
-1.698108,-3.822801,154.89352
-2.542012,-6.740784,150.839578
-2.659689,7.225441,159.354357
0.928335,-0.844298,155.065069
0.588498,-1.582751,154.119832
0.054894,4.797807,152.315122
2.966004,-4.244861,158.444207
-0.799047,-4.690716,157.417974
1.637021,7.570109,150.641784
1.619846,-6.619446,155.86098
-0.258281,5.449196,155.596546
-1.602311,-2.374852,154.402295
2.843242,5.635853,156.437709
-0.652727,7.540834,154.386673
0.371554,-5.506727,156.904259
-0.193746,6.893684,152.979594
0.911283,7.638213,157.590935
2.79509,2.87285,154.099194
-2.40645,-7.457839,152.400611
-1.510087,-5.296865,150.766181
-1.963983,-6.996709,152.235228
-0.932272,4.181476,157.066714
2.575384,-6.550801,151.40925
-1.968177,-6.945717,154.208672
2.598644,6.653036,154.350114
-2.890021,2.755372,158.285481
2.436497,2.768572,150.689985
-1.129941,-2.771125,158.212487
-0.02392,-0.88723,158.759433
-1.210881,-4.31533,153.669975
-1.173005,-5.667203,158.499309
-1.112378,1.08962,156.245156
-0.206031,-1.997573,158.979357
2.800654,7.204554,156.651487
-1.091377,6.671627,160.14969
2.467894,6.715281,155.277895
2.984861,-1.797413,151.466057
-1.222584,-7.459631,158.388828
0.060814,4.313378,154.744398
-2.792369,-7.851432,155.6305
-1.29024,0.023559,151.742314
-0.983562,0.913327,159.439645
-2.220524,-5.693974,155.190947
-1.094873,-4.871136,155.070332
-2.248839,1.570237,153.136208
-1.55666,2.57032,158.302854
2.1514,-6.78509,157.88803
-1.475954,1.993803,151.316937
2.726335,1.75727,153.019877
2.534534,-1.210879,153.296805
-0.881449,-7.310569,151.561728
-1.735547,2.374042,156.602299
-1.060206,5.266747,154.160814
-1.397217,-2.975714,155.703436
0.327523,-5.346248,159.010237
-0.252334,7.396885,153.998824
-1.366719,-5.989059,153.117798
-1.537281,4.0534,156.070942
-2.073509,-2.101039,158.147622
-1.183721,-1.141221,154.07536
1.660309,6.501575,159.504112
2.613383,4.169893,157.455919
-0.806157,6.503851,153.346223
2.779176,-2.95034,151.016901
2.186493,-2.871086,157.102566
2.921173,0.873118,159.480998
1.938237,2.60146,155.838483
-2.950199,-4.789929,152.747501
2.695152,-3.751999,153.092086
-0.666407,1.212778,126.562189
3.912913,-3.562228,131.777111
0.489932,-4.175162,127.367597
2.216435,1.83116,131.056435
-0.181706,-4.830114,124.982138
1.56356,-2.083625,129.017963
4.806713,5.976267,127.587468
-1.103658,1.425187,131.521869
4.083652,-0.841565,132.966351
-4.740279,2.206594,124.5648
-3.516048,2.459576,125.017204
1.160523,-0.965659,113.003066
-3.100859,-1.454153,109.315029
1.261236,-1.17329,113.561086
3.506211,-7.811892,109.838317
2.950327,0.131686,111.110462
-1.967175,-2.099944,114.74134
0.435332,6.350717,116.159638
-0.237661,-3.97979,109.966394
-2.351856,5.317567,110.101213
3.636222,-3.550127,109.779441
-2.723051,7.880077,115.826904
0.710847,2.104837,110.319211
-1.962549,1.473879,116.720199
-0.365418,1.542744,114.556893
1.22131,3.352326,112.232847
-0.194171,5.790567,107.032849
0.651644,3.198883,110.498692
2.17457,1.866339,107.129593
-0.491436,3.711933,109.903799
2.728495,7.091047,110.671398
-0.751515,-2.584377,107.320886
-2.4051,-2.848377,111.045763
-1.197711,0.334243,116.252377
-2.834644,-3.04437,109.874487
2.044083,3.18536,112.475192
-0.270563,-2.38209,116.221393
2.477477,-3.7647,114.424304
-2.933596,-6.896131,113.888478
1.421067,4.455026,115.568829
-0.877822,1.91158,115.429986
-0.867393,0.266831,112.299557
-1.908146,0.634679,114.543616
1.699368,-4.318548,107.89593
1.210838,-3.963429,108.538594
0.805582,4.42967,108.009761
-1.651961,-5.605197,106.882355
-0.294122,5.363277,114.515411
2.518831,-5.48792,108.125708
-0.271678,2.790794,113.621343
2.45389,1.986796,110.935175
-1.460581,-1.217942,116.361174
1.868378,2.072695,106.963145
1.28384,-3.19154,111.672642
-0.464876,-3.041218,113.7744
0.511207,-4.905055,110.226991
-2.706142,6.547841,112.75896
-0.370783,-6.155545,110.00596
-2.02734,1.739281,114.902605
-0.39436,1.851468,108.522705
-2.231155,6.847092,108.950603
0.526855,-2.829024,111.8895
2.623757,-2.015207,112.832479
0.955607,-0.886947,112.224334
1.533742,5.456945,107.06811
-2.391737,6.664908,114.308107
1.912781,3.312378,115.824272
0.800985,1.260011,113.060896
2.838488,2.299147,108.013365
-1.809414,-0.137473,113.766232
0.351357,5.356356,106.922381
-0.065336,-0.782501,113.407553
1.136205,2.150424,115.842373
1.402968,2.018577,114.833415
1.150485,-1.450009,108.259865
1.725078,-7.045273,116.659442
2.920262,-1.806541,115.514037
-2.936612,4.772278,115.111448
0.952155,-6.128723,112.213646
0.552698,-3.617655,109.598059
0.941367,-7.750653,116.590001
2.761705,-1.994466,112.482109
-1.291175,-5.142344,110.658277
-2.597038,-0.670107,113.091155
-0.721112,3.893216,113.888273
0.352562,4.050231,110.351917
-0.627505,-5.894218,114.568309
0.583484,4.570829,116.738557
-2.858624,-7.104434,116.093994
1.036273,5.422065,110.773599
2.085745,-5.308232,114.664532
1.128465,3.645071,116.087082
-0.407635,-3.375784,114.889504
-1.306674,5.923361,108.557821
1.796644,2.962605,111.433114
0.922326,-2.146077,115.911985
2.427375,-7.931046,114.062529
-0.994529,6.01944,112.592088
0.531345,1.239797,115.912553
-2.96762,0.943903,109.550713
2.041867,-0.458265,112.825785
2.622686,1.42312,114.543195
-0.977289,0.823947,115.152283
-1.004666,-0.668561,109.787661
-0.967821,-6.607922,110.719986
-0.71685,-4.058613,113.054841
-0.170923,2.438379,116.265241
-2.301376,-0.567206,108.245206
-1.67832,-4.771826,111.158631
-0.625944,-4.722042,114.670699
-0.074022,4.167838,114.365148
2.41003,-3.585395,115.758013
1.247585,7.015297,112.123433
-2.772742,7.216009,114.413755
-2.605173,2.995548,109.347905
1.101446,0.243252,114.852362
-2.663177,-4.027317,113.027803
2.175865,2.464769,115.210653
-2.441492,4.958147,116.200905
-2.631009,4.613881,108.296821
-0.765396,2.615299,110.037983
1.081587,-1.48912,125.164592
0.873972,5.257092,126.279879
4.342207,-6.027144,128.964441
3.588357,6.524336,129.93721
3.22551,-7.371579,132.636217
4.3052,-3.683312,129.303887
2.704381,-5.617802,127.330854
4.820089,4.400755,126.347466
0.643114,1.796956,131.924208
1.426896,6.503812,127.300893
2.081079,-7.949055,127.509347
0.422261,1.833731,134.63887
-0.429209,3.67962,130.215358
-0.007474,0.862661,130.308452
-1.266487,-7.575576,128.488494
0.010537,-7.538462,126.536778
-0.811303,4.113344,132.458418
2.523567,1.749783,126.357261
0.299261,-6.417663,127.513718
0.853588,7.452584,127.777883
1.545104,5.741175,133.87601
0.371667,4.974323,128.763927
-0.558669,3.032712,126.337752
2.294311,0.26259,126.85312
-2.474404,0.311814,132.162609
-2.297145,-6.369197,128.950778
2.811468,7.233618,127.814497
-0.515182,-5.240004,127.798013
-1.863514,-6.62365,129.928671
1.502424,7.50346,134.563792
-0.820045,-0.323835,132.458732
-0.385778,3.003027,127.739901
1.635918,5.047663,130.424537
1.955256,-4.910536,134.495443
-1.44503,5.652517,133.477006
-1.986762,-1.558784,130.43032
2.626899,2.026539,131.081322
-2.001179,-2.254352,130.609124
1.813373,7.30627,133.546855
-1.655165,6.844907,127.683218
-2.421694,7.638701,128.050796
-0.621665,2.250641,126.218364
-0.390633,2.650347,133.035821
2.035695,-4.098326,126.084405
2.289425,4.241348,132.993568
2.467418,-6.869826,126.25431
0.076387,6.263023,133.158778
-0.930849,-7.587519,134.615506
2.884283,4.920283,130.851915
0.599278,-6.830851,134.869473
1.42259,4.625281,134.899859
-2.739076,-6.636912,131.467368
1.80388,0.553239,130.205856
-2.690249,0.444206,134.032363
-1.819379,0.455983,127.982952
-1.801732,-0.862252,129.993274
-2.172856,2.556107,127.146979
-0.685217,7.811257,134.167731
0.77973,-3.319362,129.591831
-0.02454,0.459986,133.669355
-2.456127,1.941083,128.011084
-2.110563,-5.009389,129.784011
-0.603962,-2.059436,134.224535
0.014109,-6.177916,132.469705
1.380401,7.622472,134.551179
-0.74497,7.205977,131.66716
-1.81346,-2.159572,128.951067
2.573458,-1.990896,133.420271
2.826047,-2.898398,130.009434
2.300913,-1.178989,134.299286
-0.180019,-2.988995,129.529024
-2.037396,4.22693,130.684053
-0.599053,-7.08863,125.662811
-1.970374,-7.515683,131.298906
1.817413,3.652259,130.073856
2.880079,6.420131,133.123075
-0.420695,-0.305026,125.122308
-2.629251,-6.736797,129.284221
-1.031599,-3.018067,126.393543
-1.336285,5.101709,132.242113
-0.832284,1.846542,126.48689
-1.555997,2.687053,131.905115
-0.988658,6.850616,130.194482
-1.126601,-6.497503,131.155202
0.35171,-7.023963,132.431087
-1.045358,7.115973,125.477118
0.433682,7.503962,133.828325
-0.763095,7.625588,127.691893
1.811967,-5.898977,128.295531
-2.229042,-4.710741,126.030187
1.426243,-5.963604,132.496589
1.842585,-0.555805,133.685486
-2.6066,0.413966,133.944712
-2.622504,-6.621858,131.911203
-1.068267,-7.785473,134.634789
1.347766,5.439971,131.593962
1.053911,-6.640046,126.871191
-2.62159,-6.740774,129.917272
0.843696,-4.115161,131.775664
2.963903,-6.573644,128.796018
-0.863352,-3.796845,127.219245
2.43109,-5.0294,132.157141
-0.408409,-5.032848,132.701959
0.723886,-1.580589,134.104833
-1.296879,-7.593868,130.755036
2.575288,5.715966,128.766715
0.049194,1.720307,125.811896
-0.958484,7.868642,129.637796
-0.304927,7.093679,133.452213
2.09254,3.165831,132.993007
3.685564,6.247405,157.54939
-4.746731,-3.530936,156.309939
3.980258,-5.163453,151.268826
0.712028,2.726135,151.315185
-0.062942,6.261154,149.541147
4.720223,2.629124,148.052157
3.588225,6.857726,152.930133
-4.123216,6.481054,155.974676
-2.556801,4.000025,149.001729
0.258252,0.856694,152.38087
-4.264252,-0.439144,151.654294
0.330115,2.398563,150.219449
-2.813887,4.051821,152.134615
-0.047309,-0.856273,149.676239
-2.193228,-0.043417,153.793177
-2.709536,-0.851656,152.674169
-2.016068,3.071446,150.780061
1.994181,-4.26002,152.702347
-0.177218,-6.086143,156.589843
0.530575,-6.592225,148.417594
1.664844,-3.78883,155.925258
2.474122,0.676961,154.055809
-0.258113,-0.111814,178.550745
-0.166387,2.67737,179.461608
-1.248677,1.347346,-178.0492
4.642857,-5.458808,-178.568642
3.007471,-5.871307,179.417797
-1.074907,2.475524,173.097909
-1.611435,-4.229224,179.900382
0.064052,4.252865,179.415464
5.413617,7.953072,175.846414
4.586543,-4.550344,177.572633
3.383293,-5.154584,178.133384
-1.130725,6.719157,173.595564
-2.624827,4.331556,175.222111
0.988907,-0.158863,-179.385345
1.622233,-6.524408,177.766493
2.355918,-1.914085,172.994463
-0.667738,7.900431,-177.768479
-1.418694,3.466877,177.212665
2.654742,3.032521,176.113954
1.035493,1.694112,-179.77996
1.004452,7.981788,-179.149086
-2.666992,-0.654965,175.52184
2.625317,-5.172116,-179.753913
0.710124,-0.540318,176.69403
2.585668,5.796453,176.840129
-0.031015,-1.307915,178.925814
-0.189962,2.200522,-179.254725
2.261746,2.346794,176.006398
-2.501123,-1.334076,174.350018
1.928796,-3.23134,174.537707
1.688515,-6.49442,-178.071983
1.948511,-3.55093,-177.996937
0.041217,-3.465645,173.037577
-1.625555,7.467358,178.188706
0.411486,-5.057304,174.632001
-0.263048,-2.76231,179.412949
-2.837263,0.272263,178.714052
1.003846,6.946685,-179.058652
0.186531,6.529545,177.734924
-1.797031,2.294419,172.53763
1.7254,1.460809,173.091486
-0.467364,-5.184625,176.31874
-0.347531,-2.978029,-177.839827
2.640005,-3.433782,175.666628
-2.258806,7.252812,175.381259
2.548019,-3.442543,-179.169279
0.498076,1.897925,179.182257
-2.181498,-5.040111,178.840625
1.880967,-7.174166,-179.275307
-1.024328,4.095521,173.453781
1.325128,-0.264595,176.903989
0.52351,5.949193,174.493827
0.936301,-0.215677,178.756245
1.458672,3.623208,176.218282
2.308519,-3.599995,-177.918863
2.737135,-3.857984,179.130661
1.727975,-0.004052,172.915008
1.239674,7.399582,175.550077
-2.868353,6.778734,172.721119
2.474218,-2.992137,179.893735
-0.693825,5.488319,175.108263
2.269215,-7.779342,173.893349
2.453558,1.421709,-179.302498
2.515818,-2.828719,173.481656
-0.919728,1.744367,174.280499
-1.94229,-1.755229,176.372858
-0.483986,-3.792203,176.723248
-0.121043,4.164238,179.294447
-1.422808,7.975969,179.876089
0.647706,-0.627969,175.379327
1.491888,1.79794,176.126908
-1.699762,6.763435,177.262709
-0.508724,0.94502,174.583143
1.584699,-4.705085,176.212288
-1.4134,6.061111,174.631259
0.388877,-4.487673,176.092379
-1.373025,-3.644916,177.489687
-2.370163,-6.573644,178.908701
1.705288,-2.641955,-179.712885
2.292748,-6.405561,174.201261
-1.442292,1.119232,172.479336
0.127817,4.207441,-179.42943
-2.081886,-3.306387,173.45809
-0.898657,-7.310672,-179.101327
1.990769,-4.18008,174.398708
-1.347532,-1.668842,177.612396
1.046863,-6.52351,-178.450287
2.197562,2.824142,176.135846
-0.163321,-1.24664,-177.748815
-1.887671,4.889033,-179.449574
-0.685699,7.037734,-177.971739
-0.9168,6.638617,-177.819018
0.222089,-0.786863,176.938095
0.825939,7.547699,175.513751
2.271297,7.824142,-178.288624
-0.999934,0.681225,177.983541
-0.941704,7.417908,173.417983
-1.166017,-2.973979,175.648748
0.158428,-6.203225,178.724213
1.005044,5.868536,174.090792
-2.672832,1.066452,173.842309
-2.12507,-3.826922,178.296087
-2.725049,3.493294,176.19432
-1.345774,-3.386787,-178.113963
2.258323,7.953094,172.884901
-1.849559,-0.754141,-178.711601
2.773115,6.319212,172.713267
2.416039,3.592914,175.640028
1.308049,6.878487,-179.455658
-1.395351,1.473257,177.440247
-1.720994,1.091689,-177.260043
-1.595839,-7.898479,178.553207
-1.784708,-0.307054,-177.938195
1.500503,2.019857,177.229585
0.890987,5.952198,176.776854
-2.65409,-5.545514,-175.027921
2.957179,6.293849,179.284187
0.865683,0.429637,-176.595538
-3.419706,-2.314395,177.982603
0.556694,-3.398565,-179.124615
-1.4746,-1.865889,-174.076782
8.745807,1.511823,-114.768707
5.459633,3.183155,-114.400712
-7.125586,4.248832,-115.272089
-5.227276,-6.725281,-112.732541
-4.105307,1.222779,-117.308476
5.884145,-3.620308,-110.609415
-6.595321,-1.090716,-110.870043
-3.433809,-3.02941,-118.91615
-8.215156,1.935251,-119.707503
8.240425,-3.493996,-112.956221
-6.837421,-1.023562,-116.20513
-2.951393,0.265194,-116.612604
-0.356663,-6.211222,-118.158371
-2.887716,7.541119,-112.22809
-0.934499,-1.614495,-111.847455
-0.76271,-4.734987,-114.1763
2.707495,3.530837,-115.177572
-0.914472,6.070797,-118.977421
2.60084,-3.746301,-116.719818
-1.494453,-6.654447,-118.675228
-1.189941,0.732697,-112.325439
2.813826,0.329282,-113.84494
-0.812762,-4.608446,-118.563156
1.269753,-6.364943,-117.070969
2.569526,0.977691,-118.177958
-0.597009,6.981197,-116.884728
0.053815,-4.45456,-116.439612
1.594037,-2.332276,-112.305088
1.668509,-2.546226,-116.062751
-1.024982,0.722793,-116.143584
-0.953782,-1.278515,-116.927574
1.520647,1.253103,-118.59608
-1.280567,2.512417,-111.989641
-0.637324,0.119642,-111.481391
0.469231,-7.730579,-112.398783
1.384131,1.32622,-110.27823
-0.224541,3.813671,-117.87486
-1.872753,-6.459962,-113.902547
-2.697813,-3.277719,-115.280023
-2.890877,6.266011,-119.545516
-2.847019,6.700365,-117.521765
-0.383542,-1.543247,-114.58285
0.945651,-3.819605,-116.163167
1.338746,-1.443397,-118.071095
-2.987967,-2.710422,-112.886698
-1.036066,-3.128788,-115.069345
-0.285061,-4.064616,-119.380442
-0.744481,7.154137,-117.664172
-2.332808,5.616652,-118.970188
2.950505,-3.400543,-113.291477
-1.342825,3.891311,-110.479515
-1.519957,-1.556839,-110.307248
-1.846157,7.473037,-109.93794
0.018964,4.711893,-111.6881
-0.889131,-6.432313,-115.06662
-2.135103,4.957034,-112.271755
1.748177,3.147784,-113.93894
-0.46277,-7.274189,-117.85995
-2.844074,5.860542,-111.077008
2.517806,-3.694449,-117.265478
-0.330729,3.600202,-118.258117
2.085965,-3.28561,-116.575624
2.861142,4.736076,-111.078985
2.998278,0.376841,-114.600134
1.149919,3.144575,-114.095271
1.165995,4.163673,-117.37846
2.868883,-7.216459,-116.097477
-0.919028,2.270996,-119.453998
-1.370281,-3.500905,-117.737437
-2.453609,-3.452153,-118.828063
-0.137704,2.588853,-114.09811
-0.471742,2.845881,-119.624845
2.922433,3.225915,-110.915474
-0.730187,-3.707066,-116.155945
0.877998,-0.348883,-115.437127
-0.230653,-3.993529,-118.973034
-2.58538,6.047884,-110.741094
-4.479249,-2.895798,-48.077842
-7.557663,0.205638,-48.201036
-7.405567,-1.566783,-42.325925
-9.149855,-4.987041,-48.922566
-6.891426,7.980891,-47.684907
-7.164685,-4.023512,-44.778223
8.613958,1.801918,-46.582602
6.66387,3.208462,-48.38041
6.169343,-7.740387,-39.938652
-5.187647,-7.213851,-47.086509
-5.27958,1.864457,-45.937605
-2.607385,7.074079,-45.288158
0.293337,-3.17682,-47.136731
2.497345,0.919385,-46.304046
-2.883805,-3.367484,-49.714075
-2.502883,-7.335283,-43.249791
2.515989,7.061163,-45.615203
-2.030105,1.173472,-46.850397
0.884471,-0.967249,-40.156253
-2.914096,1.280958,-45.033746
-0.294013,-2.657108,-42.078018
1.007875,-3.253482,-43.754859
0.543073,1.988511,-48.446938
1.928371,2.002281,-44.525427
1.571038,-6.929053,-48.86724
-1.644871,4.406379,-48.91143
1.651935,2.05989,-47.235047
-0.337354,-7.12908,-47.199677
-0.323168,-4.189261,-46.556095
1.644643,-1.228724,-40.571849
0.008917,6.315363,-41.09061
1.097882,-5.351036,-42.00492
-1.791272,-3.100004,-47.612615
5.72422,-5.020204,-97.215316
5.467851,-4.862997,-95.928389
-7.86803,-7.638498,-91.612259
-2.543052,-7.218112,-93.258053
3.953987,-3.726073,-90.889291
-6.162391,-1.460877,-93.613822
-5.827602,-6.970868,-95.283297
7.937177,-1.466965,-91.316228
-2.818832,-6.522866,-91.081139
6.668401,5.730464,-97.068937
7.976101,-3.090472,-91.16257
5.708716,7.919034,-158.570832
7.623446,0.358085,-155.449279
-7.437554,5.307321,-150.031631
-5.451875,-2.456709,-149.450822
3.371925,-5.973634,-149.519331
-6.692857,6.131795,-153.548816
-7.551905,-5.695636,-156.415103
-6.486548,-7.738613,-157.456393
4.092491,3.448627,-149.895713
7.524036,0.424691,-150.217574
6.689873,3.344371,-152.137847
0.447703,-5.637901,-148.907896
1.455288,-0.006482,-154.393655
2.672203,-5.561002,-155.876163
-2.432147,4.236315,-153.110461
2.947251,-5.945808,-157.980502
2.607485,-6.597766,-149.929524
-0.61003,6.349954,-148.859196
1.486825,6.041997,-158.545591
-0.733115,-3.508439,-155.941651
1.454569,-0.673906,-153.70844
-0.129413,4.699506,-158.226384
-1.999536,5.01341,-150.060023
-2.607619,1.516983,-156.002919
1.540134,-2.804435,-156.380797
-2.172796,-1.796479,-152.996088
-1.394558,-1.373736,-156.958883
-1.603036,1.528376,-154.134778
0.820612,6.873721,-156.835806
-1.168045,-2.853869,-155.374418
1.853337,-5.696657,-153.221202
-2.954175,-2.467737,-156.851174
1.957159,1.370718,-156.312314
-1.760196,7.188668,-139.398151
1.376308,-1.545468,-144.522066
3.801775,-4.200253,-147.512393
3.773622,-2.382199,-143.548868
0.738903,7.488764,-143.305324
0.483425,-4.454676,-139.381083
2.709615,0.500597,-145.369449
1.01093,7.286761,-144.339717
-3.327558,6.212271,-141.420625
1.809191,5.086869,-148.007687
1.728719,-4.639437,-144.557075
-2.791664,-7.889311,-120.020494
-4.353556,-6.09216,-117.549821
-2.264227,5.840988,-112.890205
-3.523806,4.670042,-118.745456
5.053295,1.026995,-117.847064
1.342375,-5.983731,-111.421987
-0.267756,3.964358,-114.76309
0.545117,6.595485,-115.622541
5.783643,-5.544706,-113.112312
-0.682574,5.5377,-116.577796
3.792951,0.849163,-119.987878
-0.018153,-7.400619,-119.366452
-2.471247,-1.130439,-111.547619
1.3115,-0.206905,-113.346166
2.65881,-6.448388,-112.223116
-2.152782,-0.834857,-119.628089
1.73864,1.374361,-111.943186
-2.949324,4.26218,-117.020682
0.075379,7.573,-117.250387
-2.161068,4.41826,-118.347278
-2.037611,-5.266158,-120.791619
-0.076764,1.958414,-114.964852
-1.193297,7.223878,-120.494973
2.285831,-5.634534,-113.055287
-2.394866,-7.142309,-111.21057
-1.492751,3.845738,-114.77244
-2.015648,0.46363,-111.089628
-2.367597,6.654246,-119.94466
-1.453054,-3.025331,-118.235458
1.986802,-3.974553,-117.322962
1.9361,-1.902922,-119.705108
1.280504,1.949619,-120.566386
-1.026007,-2.511123,-115.739352
2.193467,-4.233086,-117.553712
-2.106489,7.693178,-116.686588
1.936889,7.918578,-113.082004
2.423183,5.546251,-116.058121
-0.067643,7.551363,-112.71215
-2.593863,2.622572,-120.780696
-2.044966,7.592381,-118.568549
0.704796,6.594463,-119.225396
0.737818,4.091483,-112.904565
2.180664,-5.399536,-114.848614
2.032169,0.72273,-117.789928
-1.349526,-0.821023,-111.298927
2.248276,1.719854,-111.1175
-0.480666,-7.480806,-118.279489
2.60671,-6.808315,-118.272326
1.644885,4.836504,-113.860995
-2.750508,-0.449438,-111.884748
-1.724566,4.657645,-119.039516
-0.819456,2.224873,-113.196005
1.128587,2.259116,-116.742154
-2.935637,-1.857985,-118.354528
-0.075334,1.715585,-113.228513
-0.051186,4.974331,-112.731831
-2.565011,3.777054,-119.34717
-0.424593,7.288691,-116.357318
-2.238455,7.297203,-113.500355
-1.220971,-0.503695,-117.443418
0.716774,0.589961,-117.19368
2.188941,3.909563,-112.824906
-1.811852,-4.461521,-119.969408
1.598925,-3.8541,-114.244309
0.265314,5.218751,-110.987903
-0.149884,2.900216,-113.419285
1.017272,0.846339,-120.097952
-2.538015,1.14984,-113.7731
-0.485594,-2.768854,-117.283014
0.017038,-5.956954,-113.5696
1.990188,5.317155,-114.382942
0.30365,-0.692243,-113.363829
-2.342604,-6.100108,-118.415443
2.37171,-7.001017,-117.280422
-2.038337,3.266631,-113.302828
-1.391581,-1.870738,-111.132242
-0.665387,-7.988107,-112.897299
-0.446436,4.111578,-112.780851
-0.852615,-6.410349,-118.294205
1.37909,6.303048,-115.001805
-2.510589,1.928533,-111.3835
0.379783,-4.567204,-113.666274
-2.01332,5.8853,-115.488729
-2.981888,0.600196,-117.531028
2.876837,2.814317,-114.685176
2.484569,-2.692676,-118.612925
-2.936005,2.475622,-114.882428
-2.190687,-2.499815,-111.151573
2.69331,-5.634215,-118.60171
1.243479,-4.671913,-115.470182
1.922839,1.679768,-114.027202
-2.201591,-2.944586,-119.031077
-0.543607,3.83637,-113.264131
2.132563,-4.04807,-113.499605
-1.562455,-7.282632,-116.583608
2.893693,5.691466,-115.824985
-0.761536,4.33779,-113.707812
-0.488261,-0.166864,-119.324297
0.662484,0.988798,-119.129377
-1.461291,1.051755,-113.18672
0.01188,6.110544,-118.665167
-1.529357,-1.535222,-112.838555
2.238431,-6.754066,-116.950403
1.37346,0.471771,-114.676429
1.523893,-2.238503,-112.897935
-1.87566,-0.742201,-115.469068
1.634282,5.191,-112.490535
-2.78728,-7.103908,-119.214022
-2.075106,-2.598363,-111.023245
-1.61629,3.399537,-120.015515
-1.034949,-4.082276,-116.869527
-0.077095,-2.76169,-111.485621
-1.911777,7.222478,-111.672322
-2.881775,-7.814894,-114.479349
-2.363726,3.945974,-114.443212
2.317546,5.939828,-116.264555
-2.678232,6.591469,-111.38262
0.02702,0.588078,-115.588763
-1.574188,7.196016,-115.23758
-1.47933,-1.427567,-118.019578
1.730167,2.090941,-115.794702
2.774858,2.564726,-119.736614
-2.385528,-0.982105,-111.762114
1.802673,1.557933,-112.645864
1.595159,-2.096683,-120.170827
-2.419682,-7.798241,-120.306269
1.416174,-5.832163,-113.427602
-2.530418,-0.541291,-114.330407
2.848068,-7.518927,-114.193842
1.109547,2.916832,-118.586219
1.752287,7.461572,-114.418479
-1.044534,-0.387804,-113.307115
1.748219,-1.067713,-117.814509
-0.937351,2.024099,-113.028635
-0.947923,-3.362319,-111.835042
2.001822,-7.86175,-115.683215
2.72357,0.893947,-118.923726
-2.182946,-3.022679,-114.440466
1.743308,-6.299378,-114.808584
1.126903,2.504275,-119.72721
1.89,5.937297,-112.124221
-1.228492,3.800804,-113.371438
-0.92026,3.35581,-119.28231
-0.511013,4.497427,-116.211411
2.872509,7.536233,-117.131938
1.314734,-7.45185,-119.941657
-2.34272,-0.983608,-112.224878
2.603173,5.760009,-114.595072
1.044226,-1.681887,-115.760644
-1.136307,1.54881,-120.165756
-2.599469,-7.163113,-118.648894
2.701243,-6.365875,-119.284607
-2.041897,-6.992801,-112.853992
-1.44249,4.918044,-112.969827
0.72278,4.498177,-117.46374
-2.101271,-0.51917,-119.707417
-1.793645,-0.033048,-118.373631
-0.48477,-7.776816,-117.531395
0.924346,2.18096,-114.73313
0.789987,-4.838119,-112.149732
-2.78666,-4.732735,-112.533813
0.885753,-1.670176,-116.544382
-0.823109,-4.812017,-112.025186
2.283628,-6.895356,-115.726212
-1.598385,1.369932,-113.556807
-1.16457,2.236038,-112.586497
-0.113433,-3.642825,-119.391892
-0.084218,0.404921,-115.128696
-0.213661,-4.105462,-119.936792
-2.728677,-3.775762,-115.346242
0.892362,-4.600859,-114.826232
0.560764,1.244074,-117.890976
0.197748,3.899291,-112.221339
2.284418,-3.915393,-114.576752
-2.477668,-7.454229,-111.254917
1.764137,-1.28727,-114.680561
-1.511526,-6.815716,-111.842381
-2.611551,-7.969392,-114.958629
-1.660921,-7.888152,-118.489321
-1.238946,3.686085,-114.139484
-0.221173,4.844702,-111.206322
-2.906567,6.906418,-113.433995
-1.324242,5.778003,-115.975704
-0.360619,5.821133,-112.908641
-1.405815,-0.951307,-114.503908
-0.78079,5.064113,-116.508536
-0.555338,0.527551,-114.593608
-1.967974,-6.335452,-112.129168
2.441685,1.396854,-120.389947
1.155888,4.851362,-115.166754
-0.846376,-3.151566,-113.338466
0.723598,-0.984113,-119.01227
0.877476,-0.470012,-114.127302
2.973332,3.653255,-112.288034
-2.040851,-0.596229,-112.734433
0.685576,-0.604706,-119.692806
2.493676,-4.993429,-114.645657
-1.910546,-3.084013,-116.509607
-1.993354,6.631745,-117.558562
-0.057269,-6.847855,-119.758574
0.32891,-0.83778,-111.629143
1.424406,0.057482,-114.344695
0.553629,-3.940177,-120.389457
2.72927,-0.552531,-116.983459
2.053665,2.32953,-115.79661
-2.2315,1.540157,-114.643961
2.444609,3.012029,-111.319576
-2.710008,0.20357,-118.21285
2.446862,4.762876,-116.053804
-0.687393,1.265173,-117.420075
-2.073948,4.672612,-111.620997
-2.775139,-1.25074,-118.409373
1.640331,-3.985817,-116.436907
-2.500148,3.32611,-118.668495
0.976796,-4.415789,-111.444493
2.426969,5.194692,-118.929317
0.008521,3.321365,-114.364469
-2.589917,4.743329,-115.55958
2.870363,-2.01454,-111.741054
-1.166024,-4.703304,-111.750897
-0.441377,7.427948,-117.787785
0.739365,0.945163,-118.218988
-1.245296,-0.168397,-120.139616
-1.658691,4.024599,-120.188458
-0.847173,6.991496,-119.930368
1.568212,-1.456193,-120.208745
1.91235,-0.907653,-114.486829
-1.967882,-0.415401,-120.214361
1.687978,2.588295,-115.149459
1.205353,-1.431534,-114.865077
0.836524,-1.123187,-114.586073
-1.334875,-1.384296,-119.480101
1.672511,-7.328685,-116.436621
0.108318,-7.029901,-117.519563
-0.349896,7.783389,-112.357176
2.869911,-7.790836,-118.792636
-1.073143,5.236145,-112.186692
0.294065,-2.760101,-115.94345
-2.00662,5.31027,-116.878986
-2.45527,1.451164,-115.415423
2.345163,-2.818382,-120.691154
1.021395,-7.669024,-117.348915
-2.064318,-3.156119,-116.559593
2.047917,-2.443223,-117.624212
-0.611521,0.286475,-115.84509
-2.878301,2.713897,-115.409812
0.480631,5.666632,-118.506389
-1.016516,4.920202,-113.308244
-0.113131,4.565873,-119.122815
0.921963,-1.999497,-111.181877
0.886708,2.484976,-119.903218
0.409904,5.594168,-120.166767
-0.007439,-7.835063,-119.532001
12.656792,-1.406426,-5.593615
10.94651,-0.482824,-10.835905
-9.483115,-5.26601,-3.627572
12.974739,-6.849116,-12.416728
-9.80766,1.694497,-7.947525
8.392818,4.431279,-11.386434
8.591316,-1.227763,-8.498394
9.016556,-0.253044,-12.32127
-8.659478,-5.675912,-10.924019
10.64501,1.470834,-6.894344
7.793603,-4.288193,-8.392634
-1.956903,0.633043,-4.276971
-2.099202,-1.456481,-12.798824
-2.606633,0.220008,-10.680923
-0.376522,-7.369275,-4.926846
-2.406422,4.382044,-6.466992
-2.460801,2.229895,-10.276047
1.183742,3.655462,-8.619877
2.19791,-1.822376,-10.272486
0.346558,6.322845,-9.715868
1.655983,6.837335,-6.813955
2.576059,5.605269,-3.483082
0.618606,-3.822812,-5.064259
1.746126,1.307754,-4.565916
-0.067117,-3.340515,-10.652533
1.457619,5.146523,-11.386131
1.807277,-0.77848,-5.742345
1.75487,1.735641,-11.20173
-1.368369,-7.596938,-7.992076
-0.392729,-7.638844,-3.226685
-1.997961,6.807596,-9.922319
2.38026,-0.981662,-8.737408
2.563501,6.962508,-12.164575
2.456546,-7.069003,-11.63969
-0.567565,-6.125074,-8.917418
-0.111311,-1.622403,-11.692277
-1.440745,3.279443,-5.50661
-2.678554,4.945767,-5.130118
0.919857,0.319251,-12.563095
-0.923326,6.410463,-6.40805
1.780928,6.834199,-9.824989
2.417454,-3.62067,-8.704441
1.196474,4.382488,-4.034894
0.580283,-6.444442,-3.365976
-2.96102,-6.799691,-5.373953
2.31094,5.628217,-6.89772
-2.48695,6.175632,-6.995201
0.745681,-7.875353,-11.328498
1.793116,0.283063,-7.075926
-0.122356,5.890339,-5.715563
-0.012734,-0.687136,-7.368622
2.978708,6.513834,-11.726049
-0.646895,-4.131481,-4.340027
-0.460377,3.192901,-3.508459
2.756974,1.536565,-8.439939
1.72391,-0.940145,-11.951126
-1.064407,5.479477,-8.686885
-1.034418,-7.718175,-6.798093
2.339236,4.644138,-8.396407
2.845335,7.485434,-9.434536
-1.094406,-5.971658,-7.092315
-1.135319,-2.73474,-5.120067
-0.659814,0.993938,-12.763998
0.032988,-0.123809,-6.140212
2.838371,-1.066969,-9.773541
1.497629,-2.028796,-6.525951
-2.655453,2.921524,-4.135436
1.055103,4.364962,-7.651983
2.311692,-0.568774,-9.424734
1.673394,-6.703215,-3.531084
0.684942,0.745063,-8.253642
2.345084,6.53244,-9.337354
-2.709924,-7.543752,-4.694366
0.418985,-6.281913,-12.150685
-0.278794,-4.659989,-5.969971
-2.203336,-3.926328,-8.314455
0.683771,0.338588,-4.727814
1.818951,-5.301405,-10.544703
-1.53909,-7.032102,-12.505536
-2.036278,7.311697,-7.970592
2.450219,-4.351374,-9.065699
0.369355,6.588068,-13.037946
-1.566267,3.428422,-10.768074
1.190759,-2.730201,-7.610357
-1.442313,4.322322,-5.64125
1.744991,-1.643895,-7.868733
1.712732,-0.102106,-7.35336
0.54601,-1.31602,-3.735166
-2.397378,-4.406312,-6.863677
-0.605243,-2.358043,-5.390823
2.692321,0.138579,-11.406633
-0.245898,1.251814,-11.940134
0.750413,0.35906,-5.552111
2.086194,-4.050748,-8.360473
-0.595044,1.850571,-12.223045
1.850631,3.246909,-4.28861
2.018466,5.66934,-10.937771
-0.205202,-0.950091,-8.160366
-1.005166,1.783072,-3.466959
-1.253889,3.138712,-4.74935
2.784299,1.304396,-3.373218
-1.075759,-3.340448,-8.97348
0.026529,-3.525341,-5.602392
2.720884,2.015242,-10.205074
0.918159,3.161392,-4.669856
-0.018409,2.78007,-12.620775
1.031013,2.815751,-9.822225
-2.97399,2.622152,-8.878006
2.851365,-0.337125,-13.084534
1.623433,-0.470639,-12.335268
2.104001,0.134492,-6.846618
2.565215,-7.590335,-8.736923
-2.334802,-2.008106,-5.308533
-2.304971,-7.31571,-8.038245
2.299989,-5.517644,-5.334125
-2.338416,-7.978746,-4.242699
-0.892723,-2.518017,-11.747736
1.741112,0.605851,-8.940291
-0.307574,-4.803863,-6.619581
-0.825093,-1.951257,-6.641882
2.120811,-6.308849,-6.80406
2.605742,-0.644795,-3.280316
2.970834,0.162742,-8.967155
-2.910344,-2.228704,-11.077781
-1.961221,-0.024853,-12.021414
-2.24156,2.811033,-8.694395
1.711137,-6.858576,-12.380365
2.61384,1.163342,-12.604728
-2.148564,0.501541,-5.901523
1.752235,-5.637898,-11.757941
0.43429,-2.23998,-12.536285
-0.104728,-4.610852,-6.744285
-1.549831,7.287059,-10.864246
0.799421,-3.226996,-12.492121
-0.83417,-2.000384,-9.640742
-1.6249,-1.917848,-5.036383
-2.587609,-5.661233,-8.234348
-1.337638,-3.864055,-6.680367
-2.043158,-3.972534,-11.767409
-0.492202,-4.547491,-7.887665
-1.036735,-6.909269,-7.514571
1.930982,4.990525,-10.110135
0.909852,-4.992596,-4.160911
2.356954,3.761052,-10.261968
0.632264,5.892067,-5.378219
-1.520852,-7.152481,-12.5788
-2.695271,-3.127772,-4.082397
1.032001,-3.203299,-12.145333
-0.736438,-2.039994,-9.67793
2.864122,-4.105541,-8.336482
-1.601945,-2.798876,-7.617168
2.723453,-3.618756,-4.844677
1.311476,5.961195,-12.645697
-1.530126,6.579727,-9.907038
-2.313167,3.944536,-9.84645
-1.508894,1.667281,-10.87948
1.070822,2.666231,-4.881657
-0.696354,0.827127,-4.433644
2.088371,1.287978,-9.609429
-0.494523,2.651411,-10.487488
2.768656,7.170709,-8.613129
-1.438347,6.173813,-6.936694
1.406969,0.737959,-5.374731
1.286732,-3.318566,-11.246771
1.03143,4.825634,-5.592583
0.789212,-5.759289,-6.762307
2.045985,-6.010608,-5.543621
2.502174,4.972711,-10.897984
2.076967,7.324968,-9.371608
1.105951,7.31638,-11.847818
-1.847902,7.417073,-7.167165
0.423053,-3.951232,-10.271072
2.705439,-6.913104,-6.631651
1.524673,-6.233421,-10.200918
-2.34843,6.339237,-10.053405
-2.876761,-2.055531,-9.428999
-0.680693,5.855407,-9.965772
0.275488,7.492901,-4.03035
1.371334,-0.683112,-10.78908
-2.095999,-0.36795,-5.86671
-2.952571,7.626325,-7.978823
-1.472398,4.091947,-11.564668
1.651382,2.870072,-4.357407
0.749878,2.168651,-8.138015
0.333722,-3.378447,-9.84241
-2.196374,-0.060788,-7.821718
-0.094822,-5.914535,-10.120547
1.043367,7.314288,-6.773657
1.355619,0.989974,-5.607997
2.963699,-3.693325,-11.549019
2.176437,-1.365038,-8.293979
2.084761,-2.745878,-5.05929
-2.131732,-5.927499,-3.284148
2.430492,5.027767,-12.39893
0.249914,-5.664351,-9.532805
0.479664,-5.991873,-6.908885
1.103687,-3.776279,-5.345658
-2.475714,4.957283,-8.752333
2.861586,-3.086472,-12.240339
1.484675,0.56987,-6.013759
0.731247,4.225241,-12.981934
2.532626,-2.511301,-6.158021
-0.990421,-7.148878,-11.563384
2.41247,-3.332221,-12.158963
1.211975,2.186926,-4.679031
0.69208,5.873937,-5.5487
-1.932892,2.232002,-11.952352
-0.771805,4.530671,-8.920256
2.263929,7.081061,-4.941247
2.015494,2.942319,-3.229023
1.135157,3.517995,-9.852253
1.835803,-2.735549,-8.424386
-0.478265,-5.206362,-5.523621
0.544327,-2.845588,-8.486485
0.384581,-4.172758,-8.538842
-1.932473,-1.103455,-11.855424
1.635708,1.943284,-11.986225
-0.373944,7.695319,-9.269625
-2.193852,-0.382827,-7.512698
-0.67165,-1.12789,-7.953723
-1.789381,-6.258487,-4.742104
0.165227,3.052078,-3.896252
1.432288,7.249713,-10.661517
-2.119409,-2.009448,-9.703281
-0.294184,7.164112,-5.562363
1.471513,1.782064,-11.010427
2.1488,-3.485988,-9.057754
1.382855,-4.229062,-4.127041
-1.828252,-2.877426,-7.65661
-1.35209,-1.142807,-9.614872
1.869878,-4.647206,-5.382501
-0.414512,0.734141,-11.719775
0.304897,6.771108,-9.298942
-2.835151,-2.318702,-12.590569
-1.515226,0.053583,-11.866552
1.688025,-0.532102,-12.631319
-1.393239,1.668651,-5.008034
-1.858653,-0.978619,-4.313898
2.425595,4.273646,-12.956842
-1.663949,4.529194,-4.96897
-0.027945,5.404829,-9.492486
2.349377,6.853723,-3.613434
-0.698703,3.88006,-12.487681
-0.295019,4.490578,-8.928279
1.068806,6.92336,-12.590393
1.272507,6.943964,-5.640848
-0.934412,-4.69863,-10.08812
0.494891,-0.103583,-5.063794
0.913438,1.703501,-10.331921
1.450374,2.090352,-8.716863
0.472196,4.873094,-5.590848
1.256133,4.000804,-3.156009
-2.538481,-5.824507,-10.807749
1.892068,0.044635,-8.584487
1.641995,-7.567954,-5.97212
-2.611389,6.756983,-10.369734
1.160378,-7.064163,-8.546249
1.32143,-4.014746,-6.937567
0.011446,-0.331813,-11.786456
-1.378804,-4.778551,-6.610628
0.305627,1.582199,-6.571619
-0.19993,-6.146661,-9.782174
-2.188818,-4.016994,-12.969489
0.794481,6.284041,-6.292709
-0.639197,-6.979739,-4.179877
-0.486407,6.46119,-10.446466
1.543768,1.342143,-3.806527
-2.012463,-7.810483,-8.948841
2.696389,-0.808513,-12.400426
2.191243,0.583069,-9.596266
-1.328521,-5.173037,-7.709766
0.365423,4.525777,-3.7218
-2.652568,-1.986089,-12.516165
-2.774031,1.238747,-10.42945
-1.112313,6.621171,-7.312168
-0.263357,-3.553951,-8.334703
0.652186,5.62876,-6.93425
0.524369,6.519991,-4.149963
0.290749,-0.652967,-6.723988
-1.966325,-3.802592,-9.709707
1.676228,-0.023334,-12.305337
-0.533741,2.491073,-3.712526
-1.256896,0.701486,-12.867142
1.568285,2.617329,-7.551789
0.41622,-1.131353,-3.779608
-2.106599,5.939444,-9.349721
2.648028,2.847981,-11.507929
-2.49295,0.288878,-3.822318
-2.584552,-6.328698,-6.499123
-2.06474,-0.429537,-10.028965
0.727462,-7.062768,-12.961866
-1.553675,-2.621412,-9.427928
1.88904,2.237116,-8.603527
0.682151,7.894063,-3.227161
2.966156,-3.746315,-3.519301
1.077508,-4.615304,-4.072735
-2.23937,1.575908,-8.407911
-6.066945,-3.450846,52.578846
7.238297,-5.242838,58.075611
7.834715,-3.66025,54.069221
-7.19607,7.998062,55.545099
-8.729462,-2.258693,53.634996
-8.637958,-1.742473,59.4322
-4.964713,-0.994038,55.102757
-5.032511,-4.902147,59.323028
-8.047792,-4.56441,59.25926
-5.399993,0.683078,52.385723
-8.991471,-1.228326,53.565766
0.471542,1.639708,59.156479
0.839314,-4.222494,58.751961
2.577475,-4.877092,53.794547
1.518407,-6.004796,54.818181
1.627738,-4.575616,60.449296
-0.808721,3.503673,59.22251
2.375232,-2.308971,54.830599
-1.293466,-6.530096,52.580658
0.780558,-7.545533,58.74059
1.784927,-6.316811,59.255275
-0.286499,-2.465593,52.948965
2.233065,-5.159955,59.254321
-2.842225,6.955571,54.155052
0.796686,-2.176193,56.013141
-2.060573,0.473398,54.26244
-0.580033,3.812527,52.189453
-0.523318,-7.21544,57.931252
-0.470388,-6.354911,53.70171
-1.381392,-4.920159,53.225155
-2.928718,-5.043415,52.000254
0.173554,5.319978,58.361144
1.913288,-1.576737,55.017352
0.328022,3.625655,55.110587
0.449286,-6.6257,53.535507
-0.48761,5.211814,52.798391
-1.452088,0.833528,55.718504
-2.579157,-2.787346,55.945996
-2.411172,1.586657,56.280078
1.006731,0.520209,56.0811
-2.715961,4.844331,59.405026
-2.011082,-0.589943,57.92497
-2.306107,-1.700921,50.55723
-0.343772,-0.253853,58.966626
-2.87408,-0.38898,56.257008
-1.882016,-7.832497,52.789275
-2.717266,6.731819,50.743049
1.861337,2.315488,58.018137
2.535878,7.404496,57.444864
1.300741,-4.183133,57.415142
-0.401572,-5.992402,54.367301
2.245955,5.221796,53.9339
2.954813,-1.248269,52.598525
2.411736,0.353568,54.261348
-0.724168,3.513342,51.157007
1.767029,4.522304,52.205194
-2.206565,1.458701,51.712355
1.020393,-1.309474,56.042976
0.817238,4.635318,58.822398
0.367907,-3.826507,58.903929
-0.339254,0.464004,52.520713
-0.514225,0.244597,51.66351
-0.479632,3.492011,54.578664
2.351969,2.544547,58.166199
-0.036016,3.141241,59.224214
-1.70773,-3.705614,55.312574
-0.375841,7.5579,54.515969
2.308386,-2.884822,52.839604
-0.202205,-3.619194,58.719749
2.969295,4.587824,60.05226
0.506084,5.303178,58.252788
2.566666,4.057923,58.040027
0.127514,-4.663662,55.15203
-2.097801,5.511259,57.592456
-0.461822,-5.431335,59.349113
-0.736303,3.402377,50.777887
-2.560576,-2.878538,58.511147
-2.327195,5.377731,35.232738
4.66144,5.181378,32.230493
-0.612965,5.335087,40.340809
-3.186518,4.452777,40.447955
2.617126,-6.68095,40.86628
2.532475,5.712995,40.414712
0.162663,3.689283,39.389448
1.54335,-1.518291,39.153224
1.942989,6.702727,31.832304
2.901148,-2.184816,31.881116
1.113241,-2.379699,36.528051
-0.522805,-0.6474,36.083295
-0.950672,-3.808376,33.631581
1.091695,-6.790656,33.32336
1.31838,-4.726851,31.933046
1.187305,-7.691575,31.671646
2.996395,-5.719035,33.4697
0.619969,5.557966,34.02479
2.932418,6.483451,38.773824
2.351335,6.799139,37.682359
-0.197443,-5.32126,33.837188
-1.177567,7.481726,37.760374
-0.592204,5.807411,38.882175
-1.679233,-3.599633,33.473039
0.205781,0.460563,40.302283
-0.050285,-3.50698,31.6376
-1.454919,-6.545533,37.460426
-0.006882,-3.658617,35.015937
0.756454,1.591494,36.175664
-2.799929,-7.604084,38.354698
-2.560751,5.700128,36.352159
2.990371,2.809255,39.37512
1.25843,-4.73967,36.356143
-0.221566,4.015027,39.968762
1.2243,-2.086582,40.476368
-2.73979,-3.223237,36.257853
-1.829286,1.801836,33.772928
-1.306129,1.173334,38.615177
1.886894,-7.777528,33.644853
-2.502843,-6.150994,34.565842
0.285613,4.446701,32.543745
-2.297324,-2.997198,35.544443
-0.87586,2.885758,40.652675
1.060844,-0.541951,40.641779
-1.68215,-2.05649,36.37648
-1.240862,-3.644851,37.57295
2.125318,-1.390124,35.637572
0.933855,2.77358,35.947225
0.790218,-4.082124,39.712844
-0.382632,-7.558512,34.293458
-0.740346,4.260885,40.299099
0.996605,-4.16401,37.612921
1.079671,3.735497,38.340367
1.403989,-7.30638,40.432939
0.954796,-2.164468,38.649184
-1.008423,-5.208437,36.027931
2.393831,-6.226665,36.277926
1.785543,6.677388,40.403971
-0.006853,5.477366,31.580671
2.846131,-2.886167,38.886001
-2.168221,-7.261069,38.208776
-1.080542,5.312059,35.961451
-0.125714,-2.523562,31.988726
-2.66518,2.813729,32.152439
2.171759,7.795344,35.001925
-1.327454,1.551152,33.618121
0.618141,5.260877,37.176438
-1.183741,-2.02901,35.810294
0.252863,-4.924717,31.62721
1.453873,2.878693,40.492516
-2.314951,-3.438859,37.093021
2.392508,4.346166,36.023295
1.976108,-7.476844,38.420427
-1.241025,5.088437,32.317298
-2.050404,1.295199,33.630155
0.340078,-2.034744,35.333905
2.036765,2.294687,37.071021
2.198743,-1.98959,24.423665
2.243637,-0.215532,26.179749
-0.592583,-4.206853,30.278751
-0.514922,2.220227,32.847513
-2.065151,7.175487,30.667992
-3.761419,-5.000309,24.235807
3.364429,7.312807,24.335745
1.701163,6.826326,24.489488
0.261344,5.267853,28.55082
-0.202693,7.234321,33.25995
0.198529,7.919475,25.965131
-2.358657,0.337732,29.919728
-0.68309,-3.024939,35.887634
3.139771,-3.232807,33.423049
0.928083,7.501369,31.788819
-1.531402,6.344488,30.321893
-0.027488,-3.371061,32.646996
2.647181,-5.56942,31.646682
-0.080925,1.317286,29.070369
1.162179,-0.460449,29.79488
-0.28025,-7.428264,28.818744
-2.353387,1.975333,32.542229
-2.466202,-3.451797,31.172187
1.156074,1.779327,30.717069
0.719507,-6.896819,36.436344
0.199218,-1.175262,28.327021
0.099595,5.989213,33.802498
-0.355679,0.178622,32.338735
2.128522,5.933082,32.887316
2.108131,3.253914,31.261179
1.398213,6.567232,32.764387
-1.407134,1.927713,32.201187
-2.02253,-2.564009,33.453684
