traffic_volume,avg_vehicle_speed,accident_reported,signal_status
504,53.124161879202674,0,Red
209,44.94785004124701,0,Green
572,63.17922899663182,1,Red
699,42.269696887144505,0,Yellow
639,72.18579060090265,0,Red
126,63.82978165752741,1,Red
558,58.86279026377529,0,Red
490,67.77443573377126,0,Yellow
303,65.24138209570293,0,Yellow
970,22.1563204952932,0,Yellow
819,43.68406123068969,0,Green
369,75.84843783898938,0,Red
852,27.54345613953357,0,Yellow
312,64.22579302592308,1,Green
646,78.47550868011979,0,Yellow
707,23.1319177426983,0,Red
884,60.93163283759663,0,Green
603,48.08924847806182,0,Yellow
423,54.75051532248333,0,Yellow
686,25.12048018905949,0,Green
216,22.58041711201637,0,Green
986,60.0119996330553,0,Green
802,69.39856578924307,0,Green
508,66.92092009597803,0,Green
329,52.62834367197424,0,Yellow
749,25.99200926817069,0,Green
351,61.28266663016083,0,Green
580,34.513333013248754,0,Red
629,74.66412216604301,0,Yellow
267,70.29592157274229,0,Red
151,62.56297802524345,0,Yellow
603,76.93075734986783,0,Yellow
337,21.88530929067637,0,Yellow
216,64.17202550364573,0,Green
670,39.81456676018432,0,Red
85,74.36395314118192,0,Yellow
793,36.00051179971865,0,Yellow
790,63.491389958901024,0,Yellow
402,72.65882117904688,0,Red
725,22.499409102960943,0,Yellow
948,43.85885477552217,0,Red
122,65.73854192131631,0,Red
697,47.295133370455225,0,Green
402,36.03515778761572,0,Yellow
940,33.1883209293914,0,Yellow
119,27.89109601498268,0,Red
474,71.42777359137693,0,Red
757,54.52132419509336,0,Green
830,24.58309669948736,0,Yellow
610,42.95481941423813,0,Red
877,42.06401904830659,0,Yellow
691,30.90435144256778,0,Yellow
566,46.13045752833144,0,Yellow
477,39.92596192358819,0,Red
588,40.50822232953095,0,Yellow
209,64.34159346727752,0,Red
198,33.395803130311776,0,Green
825,58.51159753132132,0,Green
279,54.23897743285609,0,Red
761,54.08555074027204,0,Yellow
611,59.78044076850656,0,Green
116,52.90292217173924,0,Green
861,72.75530689078307,0,Red
430,60.53480551701559,0,Red
107,52.81779508228329,0,Red
308,69.7857872172587,0,Red
391,56.36879389600878,0,Red
887,37.46865486711074,0,Red
179,32.425695090594274,0,Red
776,29.13966713976073,0,Yellow
221,73.9673127527661,0,Yellow
819,62.60812590788395,0,Yellow
663,76.24270628985924,0,Yellow
258,56.19750834289658,0,Green
852,48.40405288969475,0,Yellow
403,23.58298933825336,0,Green
520,60.29853689276179,0,Green
847,54.93252558609387,0,Green
165,79.41253361525729,1,Red
313,34.34952666693458,0,Green
711,51.84424131721015,0,Green
861,59.05744010708436,0,Green
491,58.67547048454062,0,Red
597,53.67761257690417,0,Yellow
502,66.61568061963354,0,Yellow
894,32.29887257160898,0,Green
526,63.53763201646496,0,Green
336,57.18407428598535,0,Yellow
352,73.7645067076744,0,Yellow
360,70.8316663420149,0,Yellow
257,38.9088223479532,0,Yellow
667,36.57423949850919,0,Green
495,78.89919943114687,0,Green
719,51.635910854915394,1,Green
682,74.38525783486621,0,Yellow
104,29.83286142682893,0,Red
961,58.56913488801046,0,Yellow
61,68.59161124163518,0,Yellow
706,76.84371497518681,0,Red
449,40.24040846102141,0,Red
957,63.498870195443146,0,Yellow
697,52.328780542377146,0,Red
564,23.63773556398809,0,Red
705,61.39998423853661,0,Red
591,61.40579349427061,0,Yellow
286,75.83640829079222,0,Yellow
328,49.83874677013834,0,Red
397,33.81505524263088,0,Green
676,22.67382940692075,0,Red
153,44.93853120115434,0,Red
679,38.11500200465011,0,Yellow
566,65.66529836143253,0,Green
921,41.25606589046279,0,Red
297,76.94427177889064,0,Green
413,77.73861217926705,0,Yellow
370,57.254515413062485,0,Green
682,75.71961722089297,0,Yellow
335,65.65126067086973,0,Red
198,52.81157845850757,0,Yellow
133,30.818476125366686,0,Green
455,47.5158766108304,1,Green
505,53.652467801757055,0,Green
792,71.83769484410061,0,Red
849,48.88000259213989,0,Green
210,73.8604803606774,0,Green
833,60.460938741408135,0,Green
509,28.21994378322028,0,Yellow
599,79.69888215950559,0,Green
549,51.633959645234754,0,Yellow
787,43.51149778454473,0,Green
558,59.54682586817159,0,Yellow
703,26.533598838862343,0,Yellow
853,58.19231880520126,0,Red
530,49.89416002995638,0,Red
712,44.400444199914986,0,Yellow
163,77.18120127073395,0,Yellow
798,51.3523830039232,0,Red
627,33.147048768196306,0,Yellow
410,47.53780876263792,0,Red
390,75.16324427436035,0,Red
819,30.56572827983568,0,Green
810,32.83742232129421,0,Green
498,20.781774065425022,0,Red
892,20.851402963746036,1,Red
884,69.76349761751075,0,Yellow
229,63.92735641057735,0,Red
751,41.3024633871175,0,Red
456,61.89866943365436,0,Green
715,43.71235557859821,0,Red
245,77.17380775986965,0,Yellow
515,78.02316088556209,0,Red
360,43.56762654856061,0,Green
311,71.25331438045208,0,Green
468,66.38534250184797,0,Green
455,38.59999623030736,0,Green
988,33.92238973406636,0,Red
192,47.49407902357003,0,Yellow
391,66.88093043686438,0,Yellow
365,77.61006708372472,0,Yellow
150,65.81474413199436,0,Red
293,71.3124191011022,0,Red
539,56.18385837023099,0,Red
61,70.12446985052756,0,Yellow
288,67.06525148020506,0,Red
610,42.61913251557681,0,Red
91,53.119418127243264,0,Green
727,68.28518731938169,0,Green
643,22.763404051397384,0,Yellow
478,68.48475694134979,0,Green
852,30.673287442941408,1,Green
207,50.88101702728633,0,Green
265,68.49652637335626,0,Red
719,35.22926468940169,0,Green
511,34.74844635836918,0,Green
183,44.16586390773512,0,Green
116,73.67856785465807,1,Red
897,20.026566886232477,0,Yellow
56,74.08298579851609,1,Red
997,29.228421478496465,0,Red
575,79.40518256404891,0,Green
122,77.29081958230809,0,Yellow
448,49.680511375477,0,Green
454,50.763214868757686,0,Green
724,48.89296041655126,0,Yellow
627,58.12661873957136,0,Yellow
908,25.443302134095862,0,Red
179,21.95707690049399,0,Yellow
980,23.46217570495393,0,Red
515,46.66192095449087,0,Red
255,36.532876353169,0,Green
837,57.32237374225963,0,Green
817,79.54653736248673,0,Green
315,43.179390384587954,0,Yellow
586,54.4304752462708,0,Yellow
842,44.93623375444013,0,Red
302,70.83630006331157,0,Red
871,74.13418420773428,0,Red
338,72.64133673231561,0,Yellow
213,78.46233432075545,1,Red
144,21.65115110842492,0,Red
831,70.38896972873187,0,Yellow
882,65.10633038234559,0,Green
159,33.721664564021886,0,Yellow
385,77.37920560325165,0,Red
871,28.89067569379673,0,Green
287,60.7729956280345,0,Yellow
430,33.49341300895475,1,Green
485,45.88283892644448,0,Green
948,63.14959381667413,0,Red
532,53.7994785219828,0,Yellow
986,45.6501098796867,0,Red
951,39.58030585591924,0,Yellow
74,70.37957934252742,0,Yellow
702,28.628861018888824,0,Yellow
166,45.806172591788005,0,Green
531,74.22545430650854,0,Green
441,70.75097302759806,0,Red
966,44.0565057483828,0,Yellow
586,65.7865018160785,1,Yellow
128,69.38964984253155,0,Green
629,73.33324544021778,0,Yellow
222,52.67034614295368,0,Red
61,32.26765316328271,0,Yellow
849,35.3185445902359,0,Yellow
177,37.74168044249625,0,Green
657,55.62814884857693,0,Yellow
141,21.968577447716505,0,Red
702,58.1625481267981,0,Red
592,41.86125430569392,0,Red
895,37.71450814937853,0,Red
581,72.76979424368758,0,Green
707,47.60014373484793,0,Yellow
877,25.70318273196157,0,Green
496,69.60480608157482,0,Red
439,22.8584754461904,0,Yellow
721,63.6049534500918,0,Green
910,66.4343733062399,0,Yellow
92,41.15615635573149,0,Red
303,69.4872713766672,0,Red
179,50.939564351387205,0,Yellow
109,47.797619196367805,0,Yellow
712,22.724196888121558,0,Red
516,37.40175161893436,0,Green
336,75.86059825311798,0,Red
566,43.50943779701,0,Yellow
516,52.8020312334061,0,Green
979,51.92130073905511,0,Red
827,55.4258653893616,0,Yellow
394,23.67985733859696,0,Yellow
691,41.7305752879237,1,Yellow
431,63.38769643295325,0,Green
828,32.03361506437898,0,Green
739,32.214702652781625,0,Green
302,20.605436401341485,0,Green
976,46.24891559649258,0,Yellow
105,72.96406284040532,0,Yellow
512,23.11405661523854,0,Green
506,31.46712256976016,0,Green
132,38.6050723005653,0,Yellow
954,63.903484193852776,0,Red
148,58.43813556815519,0,Red
198,44.9566342749113,0,Yellow
378,65.54413635550254,0,Green
205,56.57786069941412,0,Green
239,73.76244797943315,0,Yellow
543,69.08160494832158,0,Red
932,35.16881636535203,0,Yellow
312,36.286314658052014,0,Yellow
129,27.52138854754314,0,Yellow
449,40.21788354304739,0,Green
813,79.97263512314566,0,Green
658,44.345070116903656,0,Green
309,33.22930608134638,0,Red
821,65.74897306853319,0,Yellow
664,52.54826020775936,0,Yellow
601,28.97608697161715,0,Red
834,42.84138086965194,0,Green
150,44.8681829323606,0,Yellow
408,65.22978203415312,0,Red
429,21.240282133514267,0,Green
869,36.14117880789863,0,Green
270,51.055778078931326,0,Yellow
869,36.1308045471706,0,Green
469,57.70604284513993,1,Red
173,48.91204875647699,0,Green
471,41.70261529157484,0,Yellow
280,76.95251761223074,0,Red
739,57.929569951187446,0,Green
112,27.796482336076476,0,Green
534,53.60550184660373,0,Green
677,66.84391119205407,0,Red
752,62.50938184956784,0,Green
623,30.32535375771556,0,Yellow
817,78.3451999424062,0,Red
532,46.92881874479636,0,Red
568,29.54150022441568,0,Green
204,30.81174524768888,0,Red
141,25.89409953134483,0,Yellow
575,68.21108650609605,0,Red
504,27.32182965931092,0,Yellow
790,27.507515428504817,0,Green
647,71.02829688565026,0,Red
694,40.67624506685358,0,Yellow
559,21.851474258484348,0,Green
232,23.11371797110465,0,Yellow
435,28.53022680223373,0,Red
623,32.803600878541374,0,Red
780,59.90877165430432,0,Yellow
454,29.43957680010969,0,Green
295,27.13246347062432,0,Green
791,65.88314848857675,0,Green
640,60.26331703159487,0,Green
710,46.11945328731417,0,Yellow
699,52.95858628880624,0,Red
520,38.71904121958511,0,Yellow
875,48.95002521412164,0,Red
937,50.40035893896474,0,Red
472,43.23423627068576,1,Yellow
950,74.39433264032976,0,Yellow
114,20.963711898860367,0,Green
62,66.93027578547478,0,Red
262,27.46296987447946,0,Green
291,67.85284163223196,0,Green
542,56.95471494060328,0,Yellow
262,70.59668545618413,0,Green
742,25.850859538453847,0,Green
387,53.538838045986445,0,Green
222,50.065272815731824,0,Yellow
721,62.37159097780152,0,Green
213,52.05743311362055,0,Green
514,52.444074027986254,0,Yellow
546,45.77575661456388,0,Yellow
749,38.53006544044045,0,Yellow
444,48.935861675131534,0,Red
752,27.109541526104035,0,Yellow
966,77.69080033898508,0,Red
357,62.8646458175959,0,Yellow
817,77.1480270012708,1,Yellow
232,33.603642939797794,0,Yellow
678,72.76046121059169,0,Red
843,68.5273990738123,0,Green
559,60.62914474746042,0,Yellow
757,57.501751165112346,0,Red
595,38.9929799160722,0,Yellow
613,68.98464709790184,0,Green
673,50.09092768878403,0,Red
813,24.25349455347712,0,Yellow
643,38.7717896513078,0,Yellow
793,76.11782591271967,0,Yellow
276,71.04081563629077,0,Green
794,78.91434188459235,0,Red
782,57.67960295624589,0,Yellow
485,34.85060438842471,0,Yellow
974,29.768902980611827,0,Red
471,31.214866436507695,0,Green
603,21.187739500835264,0,Green
70,43.44092665915635,0,Green
603,31.485660829972552,0,Green
446,44.69932762740214,0,Green
674,76.09966591032592,0,Yellow
154,45.8324125704314,0,Yellow
241,72.67906981909009,0,Yellow
66,56.33028599695259,0,Red
169,34.827893279683515,0,Green
442,41.351285555552685,0,Red
474,25.035172149285764,1,Green
178,40.00775561576063,0,Green
179,60.652456730212045,0,Red
621,24.32666557576611,0,Yellow
609,32.324084508681764,0,Red
78,42.886462484798685,0,Yellow
146,78.92297222095775,0,Green
59,67.09170937753281,0,Yellow
291,64.00920478952622,0,Green
875,26.97145739152676,0,Green
281,66.8597536168995,0,Yellow
838,67.1161286909609,0,Green
333,56.066161737459694,0,Yellow
764,79.4217069199023,0,Red
808,39.51523435547311,0,Green
851,76.4763468945111,0,Green
825,74.88386689739022,0,Red
775,20.688839584962672,0,Green
249,47.00699158848866,0,Red
994,78.6262539830944,0,Red
128,26.187281744484547,0,Green
962,52.86708166299917,0,Red
904,78.73745042246625,0,Red
905,53.32972544635161,0,Red
222,31.38891817832936,0,Green
516,54.93099380555539,0,Red
630,32.26643443697281,0,Yellow
465,51.182255773669056,0,Yellow
989,24.44253307474088,1,Red
498,56.32896015286428,0,Yellow
136,51.00739634768949,0,Green
150,64.4096821256878,0,Red
57,57.8420282695271,0,Green
894,52.9763761118454,0,Yellow
249,61.38673095488727,0,Yellow
554,28.63651481433385,0,Yellow
136,55.721579675516246,0,Yellow
92,30.32663616936666,0,Green
434,75.53133247111285,0,Red
670,24.10004629073625,0,Green
484,45.8224849814476,0,Red
457,61.74784865932669,0,Yellow
532,47.48133270009552,0,Yellow
713,25.525715193974143,0,Yellow
66,53.202740967602445,0,Yellow
694,58.49791452964127,0,Green
197,62.22753865943046,0,Red
326,42.39558886776554,0,Red
281,53.81959826172573,0,Yellow
875,47.04118849633478,0,Green
976,60.32336232513521,0,Yellow
415,55.01341803948911,0,Red
277,51.54537317354809,0,Red
700,34.971462010294914,0,Green
485,20.121111064894038,0,Red
448,30.44490051868576,0,Green
260,27.02396248545012,0,Yellow
440,46.94508470065681,0,Yellow
548,56.73548904571068,0,Green
589,32.785100521088495,0,Yellow
612,76.34342575803123,0,Green
540,20.400927753433265,0,Yellow
491,66.33806090992057,0,Yellow
310,57.51228617182653,0,Red
822,42.413288062860914,0,Red
399,23.02933666474448,0,Green
401,57.64919430705676,0,Yellow
569,43.13681077193888,0,Yellow
369,76.17602836479315,0,Yellow
187,52.51940449338596,0,Red
599,76.37909067761049,0,Green
672,33.22902160839824,0,Green
417,63.5435546218462,0,Green
269,57.03494125092354,0,Yellow
386,64.36449378987871,0,Green
272,32.88007183835221,0,Red
697,59.89967097426642,1,Red
817,49.88242358341213,0,Green
409,64.56949849437898,1,Yellow
970,39.62267864910906,0,Red
378,73.40342152791516,0,Red
512,25.058078876681023,0,Yellow
995,68.43135912747128,0,Yellow
610,71.67917754890544,0,Green
853,69.03513868200926,0,Red
431,50.76358365570656,0,Red
885,46.30309880184568,0,Green
639,79.77573719149261,0,Green
666,33.750317072849725,0,Red
218,52.81255795256268,0,Red
266,60.240531522939534,1,Yellow
427,62.05205815168592,0,Yellow
168,32.24147994431472,0,Red
239,59.23964554038808,0,Red
816,69.10217398888024,1,Yellow
419,23.00111460926673,0,Green
827,74.691277599519,0,Green
198,21.77024330871236,0,Red
725,41.35826194930366,0,Red
701,20.948791773977725,0,Yellow
908,24.62871011237491,0,Red
537,74.67009711080475,0,Green
819,41.29164984476887,0,Yellow
423,45.48629182550317,0,Yellow
830,32.92066288295316,0,Green
742,55.82574621120319,0,Green
209,55.68819288066738,0,Yellow
400,42.33202350951316,0,Red
961,39.9820923083239,0,Green
337,73.09785849083526,0,Yellow
337,42.99705437853208,0,Red
941,49.61005952926449,0,Red
275,36.99828574549584,0,Yellow
572,67.20617020142764,0,Green
571,43.8468894139455,0,Red
832,50.81666279265947,1,Green
322,35.20143020357968,0,Yellow
985,79.25957554047511,0,Green
451,37.48974445542338,0,Red
232,66.24455185433311,0,Yellow
714,45.64973902140555,0,Red
537,32.3730443050484,0,Red
876,67.98312583789166,0,Yellow
895,40.01640734174259,0,Yellow
173,71.91160084386865,0,Green
675,74.91543109506938,0,Yellow
839,71.58943012347655,0,Green
463,22.10047488840834,0,Yellow
774,67.24240070030633,0,Red
221,44.68036798994864,0,Green
337,72.4233752109335,0,Yellow
484,58.27725576108433,0,Green
735,70.0185880486375,0,Green
162,49.96590619201013,0,Green
937,52.10153027593597,0,Red
966,28.663257928020037,0,Yellow
171,67.03924152136133,0,Yellow
593,45.1633767000183,1,Green
271,50.00480709629496,0,Yellow
680,67.10586284574245,1,Red
88,55.93072400476634,0,Green
546,32.065923646560044,0,Red
829,55.413959549053565,0,Red
282,44.45797147877934,0,Yellow
992,48.17153252263176,0,Yellow
579,21.698676464160062,0,Green
198,32.6017609709769,0,Red
446,36.862284882861694,0,Yellow
710,62.777600471528345,0,Green
687,20.68954839788692,0,Green
953,44.52663567374792,0,Yellow
351,75.44161222554396,0,Red
409,26.71283699294743,0,Green
287,50.985463293116666,0,Yellow
696,67.19134294345082,0,Green
712,76.551878451207,0,Yellow
285,64.80659837202307,0,Green
785,63.233932918664365,0,Red
252,69.58928541174575,0,Green
305,46.77207325865262,0,Yellow
647,68.35067195706998,0,Yellow
711,20.47786428472707,0,Yellow
284,75.4736633226083,0,Red
394,46.59839057103052,0,Yellow
583,53.20281127194485,0,Yellow
909,35.29293493489294,0,Red
846,64.55184997042528,0,Yellow
830,24.59814838851493,0,Yellow
515,72.35814815281012,0,Red
819,69.68700974038057,0,Green
590,32.96360697468599,0,Yellow
262,68.55946389711573,0,Green
512,67.18146398368889,0,Red
485,57.93299586523694,0,Yellow
332,42.41121061398125,0,Yellow
611,36.28992525091207,0,Red
656,33.907015417361,0,Yellow
512,39.11653776581643,0,Green
456,74.21350660595182,0,Green
137,24.65844655932688,0,Red
93,69.73227657517752,0,Yellow
510,40.93340450250942,0,Yellow
327,51.29596376068149,1,Red
732,67.66913801890945,0,Green
470,73.06259282137827,1,Green
750,40.686885204358816,0,Red
402,47.71060887650662,0,Yellow
745,44.870963889007534,0,Green
564,20.795062010234638,0,Yellow
752,37.7565733315194,0,Green
679,47.55135402395371,0,Yellow
68,44.66561653282639,0,Green
72,63.31575365094076,0,Yellow
462,43.08821703326619,0,Red
79,49.36258693824021,0,Green
856,45.7765155279418,0,Red
157,64.43756893366222,0,Green
416,71.77834393921776,0,Green
330,51.91334474045085,0,Green
177,67.36593165171146,0,Yellow
278,37.80720092119104,0,Green
160,52.48217660943613,0,Red
185,40.71379722019834,0,Yellow
411,44.85205553430982,0,Yellow
235,63.94483188876011,0,Green
705,72.89974893996276,0,Yellow
633,27.28972346526593,0,Green
178,58.07835538924283,0,Red
925,54.92862845466791,0,Yellow
310,27.10490235055591,0,Yellow
564,32.71365982640654,0,Red
498,38.66014968396082,0,Red
949,30.01586424905009,0,Green
153,34.623768951460505,0,Yellow
532,36.05604793170245,1,Red
273,40.140429982343576,0,Yellow
881,64.96342716806954,0,Red
923,54.31473223103604,0,Yellow
915,79.17480031708409,0,Red
540,44.88414961804826,0,Yellow
522,65.23190443021551,0,Green
59,72.28810528259203,0,Yellow
454,60.73870958228252,0,Green
945,44.71188442504976,0,Green
351,65.21567784474519,0,Green
280,32.22002826636109,0,Yellow
780,39.65312991080795,0,Yellow
972,52.801115305957325,0,Green
115,54.5245632371689,0,Red
986,21.328488528357767,0,Yellow
161,76.70685132536053,0,Yellow
62,61.7976362730434,0,Yellow
442,49.74222501391346,0,Yellow
549,75.98763406449851,0,Green
981,46.345733915049706,0,Red
647,78.8261342162223,0,Red
283,50.73708543460911,0,Red
651,26.85714619987877,0,Red
363,65.88805834755664,1,Green
615,60.73386350467043,0,Yellow
61,66.37920327833521,0,Yellow
258,77.08652172354087,0,Green
63,66.58935815906108,0,Yellow
682,56.680196132998816,0,Green
467,71.43853414165045,0,Red
486,60.39478636127189,0,Green
426,44.48714340955539,0,Yellow
69,73.13718585450638,1,Yellow
636,33.314027647062375,0,Yellow
961,62.878476494523454,0,Red
804,72.89380729644542,0,Green
784,63.87899118219777,0,Green
119,61.83652514323141,0,Yellow
873,65.15829764431015,0,Green
260,47.90331489803866,0,Yellow
150,72.45024092942157,0,Green
747,32.20618850816547,0,Red
181,27.64318496002036,0,Red
672,37.1305268071107,0,Green
430,51.89464380649959,0,Red
181,50.63370772456028,0,Red
69,69.2359254605952,0,Red
955,44.27411938424105,0,Yellow
585,49.06066557749052,0,Green
276,20.80206099556374,0,Green
203,44.58435418657635,0,Yellow
854,58.86645397702053,0,Yellow
791,20.93049983759553,0,Red
518,36.85291791117463,0,Green
871,32.477381557363394,0,Yellow
920,22.519125734575294,0,Red
454,48.75560539487225,0,Green
251,30.90339759368939,0,Red
87,64.58489237788281,0,Green
991,70.87567302580091,0,Red
821,52.73511096014887,1,Green
237,78.90244055126848,0,Green
106,47.02871428823572,0,Green
990,50.802092613494935,0,Green
69,79.35306523746502,0,Red
322,33.89290615790293,0,Yellow
168,76.55275638061431,1,Green
632,22.5702533071468,0,Green
565,46.783213415791685,0,Green
270,24.200210727983947,0,Green
575,63.75408457481858,0,Red
564,56.504536152801066,0,Yellow
777,62.39805580805579,0,Yellow
790,42.46882399808102,0,Yellow
385,42.16891604188282,0,Red
747,22.71915673765368,0,Yellow
104,40.996696371778384,0,Red
549,75.75730413572356,1,Red
949,42.75359223082694,0,Green
937,69.8820623733182,0,Red
815,70.53953028499605,0,Yellow
585,42.394469382754025,0,Yellow
211,57.91932082377134,0,Yellow
719,25.72229613638352,0,Green
643,26.220714844056587,0,Green
964,22.9194598197028,0,Green
208,54.86090560250657,0,Red
237,45.56425865756582,0,Yellow
109,52.881941399854405,0,Red
964,51.26439143050327,0,Red
866,41.012179465443815,0,Yellow
368,60.648404889408376,0,Green
927,65.51011285498345,0,Yellow
260,20.877695532660542,0,Red
455,32.434537986132696,0,Red
713,62.794152085000206,0,Green
158,43.19721035803005,0,Red
125,59.74903681649649,0,Red
591,40.81775958407351,0,Yellow
363,43.44530913977823,0,Green
166,29.52073242138109,0,Yellow
976,35.4938611799696,0,Yellow
917,56.324705450455234,0,Yellow
753,45.98978667890998,0,Red
68,66.45816097667571,0,Red
481,71.15509729630057,1,Green
734,52.4987850930056,0,Red
789,65.49603752336355,0,Green
399,38.4142707916742,0,Yellow
232,44.89827292400469,0,Yellow
162,62.76666057300986,0,Red
232,43.17271956902184,0,Red
530,55.31029610953933,0,Green
195,31.12236674495069,0,Red
880,55.98627889822988,0,Red
677,71.69082243361362,0,Red
162,72.11837838940554,0,Yellow
812,63.46066437977238,0,Red
525,64.74520274456756,0,Red
812,53.47564670904204,0,Yellow
352,55.08008540994949,0,Yellow
874,28.01903488463108,0,Yellow
167,46.63155130527807,0,Yellow
862,47.04657703318183,0,Red
210,77.50987014006441,0,Red
450,45.86521175739736,1,Red
247,52.96055869416546,0,Green
309,51.99508395674615,0,Yellow
709,58.20570302265963,0,Red
801,64.89396987991375,0,Red
96,33.50251257025233,1,Red
448,51.72346514590615,0,Yellow
759,69.55506243896183,0,Yellow
608,47.78688283025069,1,Yellow
127,36.70745278241438,0,Red
173,59.28254452137794,0,Yellow
124,69.42604374794738,1,Red
920,23.78841757564348,0,Green
186,66.60742900443363,0,Yellow
651,69.29887597770627,0,Yellow
449,47.691375655316406,0,Red
886,78.99833940910804,0,Yellow
554,67.20250044243855,0,Yellow
549,66.41975389373994,0,Red
622,64.87031446472432,0,Red
187,29.03648619309644,0,Red
99,33.03385318718065,0,Green
820,47.83940788786551,1,Red
668,35.84026099756795,0,Yellow
674,44.91445834004243,0,Green
911,73.30784659537524,0,Red
303,69.45961351275615,0,Green
679,57.80239270879893,0,Green
759,71.4872236550662,0,Yellow
898,67.02634334103496,0,Green
926,45.73909591045343,0,Red
612,32.063909122996705,0,Green
806,50.85206240056036,0,Green
964,64.173732951713,0,Yellow
475,46.18517592377558,0,Yellow
596,60.00631458703384,0,Red
351,25.65964557746262,0,Yellow
971,64.88028418228421,0,Red
630,68.76281719358371,1,Red
398,62.41027134683247,0,Yellow
881,78.03581525158194,0,Green
982,69.59912344763842,0,Yellow
98,74.1856236725923,0,Green
966,76.01426500745887,0,Green
123,68.08087951242851,0,Red
753,60.45553052038995,0,Red
310,20.34311488164736,0,Yellow
405,47.94954519338748,0,Green
631,54.26973791734166,0,Yellow
651,38.24181634687998,0,Red
309,39.08626681420832,0,Green
687,77.66956494260991,0,Yellow
792,73.50265191216475,0,Yellow
344,70.95074033010226,0,Red
980,44.36070810236664,0,Red
690,20.821913024534872,1,Red
841,24.813334787342846,0,Red
362,38.73178209305622,0,Yellow
661,20.94457477974062,0,Red
887,21.028986914911886,0,Red
858,74.99619809854465,0,Yellow
231,62.36951012714324,0,Yellow
735,38.53735940408916,0,Green
877,27.95867465605719,0,Yellow
413,50.69814307370463,0,Green
237,20.320769651261863,1,Red
618,76.30482463148864,0,Green
592,44.88890716333683,0,Green
645,44.140097314239966,0,Red
713,43.435616454906935,0,Red
597,24.159699823265885,1,Red
774,58.2993343875096,1,Green
975,63.9802171777012,0,Yellow
457,60.567523855297416,0,Yellow
925,28.306129599763658,0,Yellow
667,54.73041008213556,0,Red
463,54.16906905033523,0,Red
391,72.10464727648292,0,Yellow
269,42.74765950253882,0,Red
952,42.28915661956606,0,Green
212,57.11162352309113,0,Green
269,57.98435920997078,0,Red
319,48.15711363954742,0,Yellow
681,46.583561739825264,0,Yellow
955,49.64886023827296,0,Green
897,71.66271797019871,0,Red
449,47.67001407523461,0,Yellow
231,76.39590751818935,1,Yellow
667,50.24022581577957,0,Red
778,76.95204159085348,0,Red
254,69.96991411214455,0,Yellow
631,41.74587935694974,0,Red
605,71.81848527779695,0,Red
890,26.603797052066916,0,Red
862,75.50283052058087,0,Yellow
277,57.898610904973495,0,Green
745,23.26344491133867,0,Red
668,58.655403419048696,0,Yellow
645,78.45485924868537,0,Green
899,24.18803927687773,0,Yellow
299,53.28126258680518,0,Yellow
924,64.86766098556234,0,Yellow
490,68.61551520197187,0,Green
582,44.82964791924775,0,Yellow
245,32.24999355009458,1,Green
739,22.54053672634303,0,Red
978,54.78356942583349,0,Green
568,47.17466421605665,0,Yellow
119,76.92466370898265,0,Green
688,23.636294462894583,0,Yellow
448,61.12372060676034,0,Red
721,21.49797332720343,0,Green
809,30.286050602632564,0,Red
252,47.214739995370046,0,Green
197,47.29234656817209,0,Yellow
521,61.14203257601864,0,Green
704,74.6127820920654,0,Red
993,58.34192953489525,0,Green
248,77.21210587109053,0,Red
966,72.89693839267986,0,Red
475,55.06998773184741,0,Yellow
715,70.02751705512964,0,Green
541,58.55465661941804,0,Red
937,24.71346985542363,0,Yellow
945,64.4338833955706,0,Yellow
191,25.69450647604077,0,Yellow
362,55.644966834182746,0,Red
214,62.15841235149373,0,Green
363,23.99165649265132,0,Red
70,33.847679235591905,0,Yellow
131,74.94033393569899,0,Red
630,56.97886953397378,0,Red
180,34.777161128631896,0,Yellow
648,61.4407862688804,0,Green
779,55.80658519770138,0,Yellow
982,50.0945419950769,0,Yellow
354,78.57121849928502,0,Red
964,61.00722664445053,0,Yellow
420,42.52646658007476,0,Red
906,68.00440592461209,0,Yellow
902,73.07499757527127,0,Yellow
433,27.513233571009884,0,Green
957,32.03317867071599,0,Yellow
494,32.97362054766678,0,Green
474,61.47270856319242,0,Yellow
210,56.182373303197,0,Yellow
227,57.13949388191529,0,Yellow
678,76.44639798137005,0,Green
757,66.55469196843836,0,Red
944,27.676215470706996,0,Green
539,40.85042494551087,0,Yellow
376,46.12361877054414,0,Red
647,43.75769532485629,0,Yellow
338,60.15851654971275,0,Green
642,73.51358619539376,0,Green
713,38.36308781136728,0,Red
622,53.112628185271134,0,Green
622,67.36456531481514,0,Yellow
403,44.97308353072096,0,Red
77,30.08708770395775,0,Yellow
92,48.4970579158249,0,Red
730,23.313351244581707,0,Red
472,76.5430072401366,0,Yellow
647,24.489272311698382,0,Green
226,46.307402915034686,0,Yellow
578,51.79287566531157,0,Green
659,79.11822993723712,0,Green
543,29.961309418571645,0,Yellow
247,26.86589111674152,0,Red
659,20.52236882375261,0,Yellow
626,29.33428621215814,0,Red
891,32.43637874406006,0,Green
902,57.83485649498554,0,Red
566,33.18240742348402,0,Yellow
563,21.231248883759516,0,Red
71,69.59710073014932,0,Green
161,41.935742060238006,0,Green
106,41.22180119484403,0,Red
115,38.1487417500756,0,Green
891,78.52239662878526,0,Green
147,30.20692503855689,0,Red
193,73.89428383719411,0,Green
929,66.60819992839328,0,Red
484,24.588797329958787,0,Red
686,79.20374609005091,0,Green
728,36.28195781234064,0,Red
135,25.91497562134474,0,Green
637,69.75885404754557,0,Green
393,62.40053202066199,0,Green
985,57.03312835267405,0,Yellow
343,29.35885182193599,0,Green
620,48.70976697535771,0,Red
699,66.83336161323282,0,Red
660,38.21743628863042,0,Red
753,38.70138971090249,0,Yellow
292,20.188454362887327,0,Yellow
880,30.45460409872277,0,Red
610,72.52433750731007,0,Red
81,46.504789498262426,0,Yellow
440,79.05406995406604,0,Red
326,43.74247781442755,0,Green
581,62.91118728681448,0,Green
203,36.91514257428375,0,Red
432,41.82857846845601,0,Green
117,31.44355925545368,0,Red
927,40.8237421099637,0,Yellow
933,52.83425122523859,0,Red
263,79.50637285875496,0,Yellow
704,59.85210278430714,0,Green
425,31.954757264498845,0,Green
793,22.697686495493063,0,Green
262,27.58138887887064,0,Red
128,53.75331207638284,0,Yellow
775,65.90961972900598,0,Yellow
677,76.42515243804482,0,Green
653,20.94939031980925,0,Green
831,51.36560849371219,0,Yellow
972,48.25204137339061,0,Red
430,59.36330131854224,0,Green
729,53.57473126792052,0,Red
107,61.222349034948834,0,Green
845,59.48495508495142,0,Green
75,27.020703491476773,0,Red
930,67.98307481712317,0,Red
496,27.39395454297949,0,Red
115,61.91183751254823,0,Red
970,44.9687220584364,0,Yellow
809,50.83104407459587,0,Yellow
303,74.19788086254263,0,Green
948,73.39302358840919,0,Green
93,69.07137833930177,0,Green
146,50.6089028273794,0,Yellow
603,64.17438860802999,1,Red
276,50.77382333112856,1,Green
823,72.17636494848665,0,Yellow
728,44.166549993974,0,Green
485,78.2141206648926,0,Yellow
840,75.93936549373265,0,Red
650,64.49615716710713,0,Yellow
428,36.76495305056432,0,Red
227,27.899215327595503,0,Green
476,71.28220700559186,0,Red
964,29.918137168277678,0,Yellow
758,71.25564733984015,0,Green
356,49.44590040274163,0,Green
828,44.39340702848625,0,Yellow
553,74.19144673006575,0,Red
317,56.231058952416674,0,Yellow
635,54.59684042778306,0,Red
57,53.52595667746386,0,Red
969,42.270170961171885,0,Green
557,67.13858621174764,0,Red
525,35.167906640946384,0,Green
346,76.3336976024765,0,Yellow
213,73.63911230281764,0,Yellow
534,40.24881954049389,0,Green
646,63.76782618989982,0,Green
121,54.39339166697549,0,Red
616,40.25895811995407,0,Green
954,79.3112988797268,0,Yellow
608,21.51424075089585,0,Green
960,35.1587618372772,0,Green
993,51.20444366666902,0,Green
287,51.31718020871384,0,Red
153,55.33598449673385,0,Green
259,65.10057032137516,0,Red
603,57.40866983115778,0,Red
877,56.016887631682216,0,Green
517,23.2108677747826,0,Red
503,42.5918172673579,0,Green
317,33.92334438206936,0,Yellow
435,35.92220669611852,0,Yellow
824,53.26024846042069,0,Red
897,31.970318895776508,0,Yellow
436,37.63694606101385,0,Green
926,34.225082511040405,0,Red
308,76.91017659309168,0,Green
332,76.67994393026571,0,Red
675,56.5964935157631,0,Red
924,75.471348123914,0,Red
89,67.1487587281024,0,Red
535,55.396872968108525,0,Yellow
978,20.386112689807742,0,Yellow
269,66.35097716476425,0,Yellow
178,62.14930049530813,0,Red
569,56.91521919694484,1,Yellow
662,65.6254587009483,0,Red
977,50.77532988648594,0,Yellow
941,62.24499627928034,0,Red
737,76.1103252035896,0,Yellow
668,42.54830095076518,0,Yellow
662,62.487310094037525,0,Yellow
309,48.54126908065752,0,Red
415,60.46397910883889,0,Red
807,65.77360013326185,0,Yellow
836,22.72715002614776,0,Red
593,58.79602663691971,0,Green
698,33.60447106441667,0,Yellow
573,60.20195226845401,0,Yellow
956,48.09981115602881,1,Green
863,66.41316451189323,0,Red
936,27.404048912335785,0,Red
65,57.5793410993717,1,Red
178,36.70824373565314,0,Yellow
624,71.17891971983549,0,Yellow
158,75.70301033817844,0,Yellow
936,79.78389762074332,0,Yellow
582,67.760444145637,0,Yellow
719,65.22404422568027,0,Red
318,32.930045532053065,0,Green
211,40.16042353940652,0,Red
309,47.94095250573677,0,Red
973,66.40286286693498,0,Yellow
151,74.89795190467811,0,Green
555,31.34834600137908,0,Green
784,75.34204908020618,0,Red
620,61.73747914124348,0,Green
296,56.64624384110232,0,Red
689,31.99047627691637,0,Red
844,23.331501968549038,0,Red
886,54.10789391047639,0,Red
586,59.09094099973355,0,Yellow
180,32.6468869612813,0,Green
402,53.38737234952738,0,Yellow
245,71.3896041657544,0,Yellow
842,70.10395672730121,0,Yellow
965,75.64131083517783,0,Red
979,41.953148573412825,0,Red
715,39.08297435305512,0,Yellow
431,64.96556035884852,0,Yellow
694,45.8667443058203,1,Green
276,25.25291984166684,0,Yellow
750,36.96806784022999,0,Red
525,45.11493713188935,0,Yellow
526,37.55098552857512,0,Green
314,39.9323342568393,0,Green
421,37.626554370463445,0,Yellow
535,22.489950030984765,0,Green
483,58.22568204946655,0,Green
695,55.83754522120816,0,Red
260,59.20300990872084,0,Green
621,31.538593762017648,0,Green
989,37.73927249674912,0,Yellow
426,57.17695561669534,0,Red
444,55.977654107595285,0,Green
499,50.37981856125607,0,Yellow
992,41.024795000611846,0,Yellow
413,74.77586028648139,0,Yellow
925,40.38621453793063,0,Yellow
506,47.3371493862351,0,Yellow
774,60.686829857252526,0,Yellow
777,52.58128585200585,0,Green
275,40.813158581863135,0,Red
180,46.13868742739059,0,Red
637,67.66884907121036,0,Yellow
525,36.68774932919675,0,Yellow
847,28.535314386608924,0,Red
326,38.78979210978663,0,Green
205,70.97205292927407,0,Yellow
809,25.3393828913808,0,Red
267,79.5017644023471,0,Red
239,52.46017393565975,0,Yellow
466,79.09074463802564,0,Red
724,76.33978532515866,0,Green
741,47.168822852655005,0,Red
595,31.909464476320945,0,Yellow
90,29.893086593908308,0,Yellow
356,34.39936183219745,0,Red
992,62.60795843387224,0,Red
387,36.37699968388927,0,Yellow
363,40.4855161762579,0,Green
124,46.92672823967689,0,Red
328,74.79396082528737,0,Green
225,31.363605073090767,0,Green
945,20.301593156588183,0,Yellow
711,23.60578462269021,0,Yellow
322,74.28598050080709,0,Yellow
886,58.850987890601786,0,Green
669,36.382437159668406,0,Yellow
700,30.631550060671465,0,Yellow
911,37.65600419822686,0,Green
832,26.887815635076805,0,Green
908,76.49197461706646,0,Green
980,67.05237046191601,0,Green
338,47.74347061475244,0,Red
773,71.89775630691211,0,Yellow
942,34.96749225759394,0,Red
321,63.02723410833161,1,Green
979,71.36794994082462,0,Green
115,41.40612269739636,0,Green
532,65.44786672704306,0,Green
985,37.70434095585856,1,Green
297,37.93142811554185,0,Yellow
205,26.423430713251165,0,Red
96,46.40348279056393,0,Red
984,63.78271438984533,0,Yellow
503,76.4132483342771,0,Yellow
250,56.227819515745765,0,Yellow
709,71.78813226414434,0,Red
173,69.34967895741363,0,Red
50,30.40058317851685,0,Green
808,49.14904573475789,0,Red
904,27.01541213152349,0,Red
689,60.9291896936981,0,Yellow
240,76.99398009476457,0,Red
628,28.22536748472539,0,Green
565,64.03298784815249,0,Red
491,57.934289052071655,0,Yellow
970,55.01630222048598,0,Yellow
864,43.40721408130035,0,Green
855,41.30789886522875,0,Green
192,22.714951341133272,0,Red
240,33.07452249512081,0,Green
582,20.910612937209613,0,Green
276,54.88502633492124,0,Yellow
362,26.35119415267453,0,Yellow
678,72.38116364178296,0,Red
998,51.38858124182991,1,Red
351,61.981394543522505,0,Red
703,44.65142551042979,0,Red
509,53.63478854006292,0,Yellow
450,76.55955061799783,0,Red
600,24.964042377420245,0,Red
442,35.23626631542177,1,Green
916,66.79929961463266,0,Red
813,25.924232412959952,0,Green
894,24.539666234246653,0,Yellow
256,41.69248392524232,0,Red
259,25.53007750834594,0,Green
164,55.10470653237218,0,Red
786,33.57651504899599,0,Green
695,73.74187779196234,0,Red
300,67.0100048507154,0,Yellow
268,61.98231236596857,0,Yellow
456,57.01664164307012,0,Green
492,71.8079438204878,0,Green
652,33.38372369256541,0,Yellow
403,72.38653056585366,0,Red
937,67.36953790544314,0,Green
607,64.88964958326113,0,Yellow
599,53.675340684495445,0,Green
191,34.774649658236,0,Yellow
661,45.41287495951378,0,Yellow
550,67.61423927232809,0,Green
889,21.906709061439468,0,Green
751,66.92304615582549,0,Yellow
596,34.40424442925399,0,Red
708,28.658552043296183,0,Yellow
591,26.94207909081813,0,Red
895,21.635000717048907,1,Red
556,51.41518911328717,0,Red
645,33.09559236162377,0,Green
930,79.3659059467779,0,Yellow
330,54.466205352332345,0,Yellow
473,28.273116161360623,0,Red
905,61.32575244868192,0,Red
319,73.86461399058352,0,Red
203,64.71076972217686,0,Yellow
663,24.58639166236686,0,Red
776,73.75305087155957,0,Yellow
711,67.63576315159789,0,Yellow
993,29.49823400633686,1,Green
132,23.10715332396901,0,Red
671,53.43863451885851,0,Red
996,29.36214868039861,0,Red
948,70.07545715571632,0,Green
475,41.50007940030042,0,Red
324,74.77354668419451,0,Yellow
762,53.94129032846035,0,Red
333,30.96034305438009,0,Yellow
222,28.375932041588005,0,Yellow
376,54.58834625346523,0,Yellow
767,65.71301671174663,0,Yellow
112,66.89033886453092,0,Red
122,36.54544426647688,0,Green
812,32.25480553473005,0,Green
685,21.005378269542945,0,Yellow
424,60.75194907207016,0,Red
682,24.594095506012337,0,Green
557,45.24567210595555,0,Red
836,56.100929841097766,0,Green
992,76.22653669518061,0,Yellow
447,38.70812821734612,0,Yellow
169,34.986329746791185,0,Yellow
983,59.24960925716591,0,Green
486,57.1543419232149,0,Red
878,39.92658699848747,0,Yellow
725,75.6861101305872,0,Red
985,70.69173964937796,0,Red
514,33.43895275190487,0,Yellow
335,34.34855272607139,0,Green
314,50.73802081322484,0,Yellow
369,66.41432610384322,0,Yellow
722,22.642422763307863,0,Green
425,61.6001092240824,0,Red
869,58.89415384292582,0,Green
138,33.8888057547793,0,Green
703,60.881180794480926,1,Yellow
252,76.41099147512496,0,Green
870,22.80715069830611,0,Green
788,39.17912331752376,0,Green
383,46.29060299998132,0,Red
271,73.95562153548138,0,Red
90,77.7356867965494,0,Yellow
757,46.646914789779935,0,Yellow
117,65.00170472853148,0,Red
825,51.89966142586898,0,Green
563,52.26697608448259,0,Yellow
922,36.685970903981385,0,Yellow
686,33.01737475183277,0,Green
671,37.28032075544247,0,Green
647,53.37968043542476,0,Green
986,21.74931116132534,0,Green
681,74.43493666138434,1,Green
176,29.37702257298657,0,Red
304,33.205320612283195,1,Green
744,51.09657058685878,0,Yellow
65,62.60688598023676,0,Red
526,25.74374328466384,0,Yellow
111,39.06168185282973,0,Green
930,78.12047633446143,0,Yellow
481,35.740578006856744,0,Green
719,38.78300870378881,0,Yellow
317,70.18990943708201,0,Yellow
84,23.012865901427315,1,Green
828,47.87679012853825,1,Yellow
625,42.777005867100215,1,Red
543,38.99520559451907,1,Yellow
611,37.14197564268587,0,Red
518,25.48244629162455,1,Red
816,38.88954976109893,0,Yellow
710,22.58314416294012,0,Red
374,66.85783181866611,0,Red
353,43.8936676374807,0,Yellow
325,46.6342299391947,0,Green
918,73.6156751870079,0,Green
733,59.48329903167325,0,Red
978,20.483546200527183,0,Red
250,76.5904893776771,1,Green
494,34.22866795866267,0,Red
954,26.45685108559153,0,Green
373,66.08769070285294,0,Yellow
84,50.02863895200309,0,Red
531,46.026233961081054,0,Yellow
777,34.9701847809645,0,Green
529,52.84828939173912,1,Green
114,36.46307631215525,0,Yellow
57,74.09498031722406,0,Red
350,32.912268783991564,0,Yellow
392,73.0613090273452,0,Yellow
480,53.56432554364142,0,Red
473,69.70928803371446,0,Green
381,62.7707597516573,0,Yellow
487,61.80170668620492,0,Yellow
637,39.46074846170335,0,Green
223,34.03381588833221,0,Yellow
608,32.65317366084729,0,Green
576,71.43149942357532,0,Red
922,69.2256092155412,0,Green
708,46.43441168073844,0,Green
75,27.94427680978728,0,Yellow
869,42.9351351186475,0,Green
654,57.16060724821468,1,Green
455,47.26418926879717,0,Yellow
281,66.8113561089797,0,Green
582,79.85736933508312,0,Yellow
868,31.46792530693381,0,Red
599,47.57904917957435,0,Green
837,45.85903411524932,0,Red
554,38.26955196493705,0,Green
718,31.885731003217373,0,Green
228,23.941526989379557,0,Red
181,73.22715903342191,0,Red
872,45.190921861179056,0,Yellow
504,49.81373111000293,0,Yellow
397,75.01652289205495,0,Red
589,66.57742865095688,0,Green
821,27.83007584703105,0,Yellow
455,53.92519805646455,0,Green
125,46.53513659117355,1,Yellow
990,67.83266435472576,0,Yellow
628,63.45395285671695,0,Yellow
903,61.42434331466432,0,Red
541,40.43269012879381,0,Green
243,68.29782382395527,0,Red
211,23.143477735691672,0,Yellow
396,29.577494085930034,0,Red
410,40.13739637867471,0,Red
818,24.60844646415688,1,Red
633,34.09965665208149,0,Green
136,69.80905897987509,0,Red
983,76.89509226740475,0,Red
311,38.27614134645143,0,Red
263,35.87094823933029,1,Red
714,36.79355913478561,0,Red
771,36.66314524105063,0,Red
962,22.155810931158378,0,Red
622,75.61498077986649,0,Yellow
829,32.821888494219706,0,Red
311,45.2002444448843,0,Red
779,20.581212964458064,0,Green
332,71.47730545490343,0,Yellow
697,63.86944066729503,0,Red
516,76.8053621104222,0,Green
429,66.89692875178395,0,Red
411,38.82239072312392,0,Red
498,34.87240152370542,0,Red
490,61.86297845319758,0,Red
142,41.84676650062997,0,Red
670,53.972900945156994,0,Green
802,20.37544826158821,0,Red
916,23.713142100828517,0,Green
473,52.122076470899074,0,Red
191,53.96429878688991,0,Green
340,65.08717666756061,0,Yellow
481,27.917919177437703,1,Red
798,50.79098502540673,0,Yellow
901,31.66685866590132,0,Yellow
873,25.59176717376168,0,Yellow
738,44.62974764363328,0,Red
702,29.800198885343438,0,Yellow
750,33.30691869153912,0,Green
98,39.0532747921701,0,Red
351,35.563304044591774,0,Yellow
930,25.255477844356783,0,Red
239,25.39497469158213,0,Yellow
185,31.594964914050088,0,Green
604,23.033551277572336,0,Red
453,57.58742118061563,0,Red
941,37.23960299053412,0,Yellow
914,36.78475806614426,0,Green
651,39.91989765426591,0,Red
856,59.7677764525833,0,Yellow
390,72.23803288900943,0,Green
806,65.5452159533383,0,Green
994,63.6517538135057,1,Green
753,49.06347113605096,0,Green
367,61.628333418044704,0,Red
667,53.16574208201499,1,Red
412,32.97503169119173,0,Green
871,32.51530206446304,0,Yellow
431,37.78352041251701,0,Yellow
282,74.6481602581888,0,Green
826,52.84489042278355,0,Green
393,64.03432262011216,0,Yellow
598,40.79352558899286,1,Green
866,44.46294623991352,0,Green
602,27.53393471823508,0,Red
578,30.27769746930022,0,Red
905,69.64139328956873,0,Green
838,55.09031790133293,0,Green
868,40.25194795302913,0,Red
620,68.17107253973276,0,Green
984,34.79119433827898,0,Red
232,78.56196191601222,1,Red
90,40.68905646477019,0,Yellow
600,40.23865724907365,0,Red
446,38.71471433220231,0,Yellow
753,27.326690955457277,0,Yellow
828,26.668228839920744,0,Red
543,58.8863020720474,0,Green
708,72.50708267348281,0,Red
956,67.43123061630041,0,Yellow
382,28.466455641281065,0,Red
176,52.73492730752399,0,Red
607,26.3354927585984,0,Yellow
606,22.71767861678465,0,Red
50,59.38315156308603,0,Red
217,52.109140020821016,0,Yellow
669,24.92142111268825,0,Green
68,22.096354784359303,0,Yellow
381,79.38538480456008,0,Yellow
633,21.80127992894431,0,Red
505,46.671695183009575,0,Yellow
158,50.277141476461736,0,Red
317,27.036808868026704,0,Red
494,30.14370670638297,0,Red
289,41.108300384621145,0,Yellow
978,65.70055257281976,0,Yellow
350,50.424945443616,0,Red
651,58.274112473177695,0,Green
152,79.11047330544048,0,Green
299,66.08032611879258,0,Yellow
502,46.06168988847306,0,Red
569,46.786515307792925,0,Red
202,57.1263246224603,0,Yellow
908,59.92191250513426,0,Green
223,50.04265555020028,0,Yellow
392,58.6916733688988,0,Yellow
719,21.411949664845928,0,Red
480,45.77737183381065,0,Yellow
776,36.73628456440861,0,Green
738,27.750466714586626,0,Yellow
736,25.972790768526508,0,Red
901,56.19152993688005,0,Green
899,51.41603282915671,0,Red
707,35.21504701978215,0,Yellow
373,48.25700352635087,0,Yellow
722,49.5339389109445,0,Yellow
688,31.70053882631695,0,Red
469,59.12558371289904,0,Yellow
643,66.85516138316542,0,Green
534,67.48781245337113,0,Green
708,56.1481898422073,0,Red
800,50.69831495114085,0,Red
461,23.660428580323693,0,Red
985,37.26987793109635,0,Yellow
133,25.596286806690195,0,Green
162,77.82938965270841,0,Green
786,28.10480877354564,0,Green
381,29.106524591066123,0,Red
427,73.37459709982953,0,Red
804,76.63569700858747,0,Yellow
704,65.94974235409458,0,Red
90,20.324295420360198,0,Green
984,20.080776257393826,0,Yellow
819,42.68604618724704,0,Red
846,28.60372220065355,0,Red
154,21.10316852909584,0,Green
251,47.84400136427029,0,Yellow
499,76.5837138444183,0,Red
868,39.42917449414588,0,Red
892,59.66844070572179,0,Yellow
315,59.13412118794645,0,Yellow
959,35.06480621991007,0,Red
259,59.02551492943186,0,Red
612,32.74003845721347,0,Green
167,27.320444814613342,0,Yellow
762,62.08299713358141,1,Red
426,26.806449026235004,0,Red
600,79.81455311536132,0,Red
589,31.00714406901376,0,Red
820,55.648511765387454,0,Green
133,44.68247428475536,0,Yellow
503,27.583185344340027,0,Red
716,21.670634454644805,0,Yellow
678,57.36393693757,0,Yellow
563,68.40545382734757,1,Red
654,70.52093969040465,0,Red
727,48.96280838461607,0,Red
436,66.64732803094313,0,Green
961,60.37082800931268,1,Red
399,63.455271649948,0,Yellow
345,49.555940313308845,0,Yellow
307,58.00470441452762,0,Green
130,68.33155481456342,0,Red
986,43.873050533421385,0,Red
317,68.35873405205503,0,Green
468,55.52101056734377,0,Green
284,29.95406146224717,0,Red
882,21.48104943347508,0,Red
360,41.76521602394912,0,Yellow
862,52.80177969778039,0,Red
406,70.3892211322093,0,Red
262,27.64914080841477,0,Yellow
623,68.01238086101475,0,Yellow
98,71.78054276403361,1,Yellow
176,29.041249220050027,0,Yellow
272,71.09565915825314,0,Green
970,79.48721407056752,0,Yellow
328,63.610329862894254,0,Green
457,67.08618090949928,0,Yellow
554,79.66491605353241,0,Yellow
343,56.32887503155672,0,Yellow
845,38.47318292097496,0,Red
326,70.25185004456334,0,Green
487,56.86914665069787,0,Yellow
156,54.8717254232574,0,Red
707,35.21813333084229,0,Green
469,65.38005617497319,0,Green
660,24.900036551605776,0,Red
478,75.45722424767968,0,Green
424,39.549407646229085,0,Red
122,27.666479167399427,0,Yellow
998,46.54199198614513,0,Red
683,22.54819455539199,0,Green
79,61.07757165589798,0,Green
237,74.16233062672137,0,Yellow
413,70.23578042831053,0,Red
915,27.642168406872862,0,Yellow
849,27.57626822646391,0,Red
500,68.80606893945584,0,Red
244,75.45525647618695,0,Red
205,47.64018979000935,0,Yellow
221,49.93826701482595,0,Yellow
896,39.095722483143554,0,Green
90,73.65590709538483,0,Yellow
112,58.69417431754135,0,Red
72,37.29509463004211,0,Red
409,37.926972263255095,0,Red
124,73.47200438381614,0,Yellow
609,20.81804143434929,0,Green
721,39.3635943635983,0,Yellow
874,53.26140087298214,0,Green
167,28.89304772595948,0,Yellow
661,25.525925251975387,0,Red
429,68.91657986543359,0,Green
978,73.66426331891043,0,Yellow
969,69.41638524789137,0,Red
728,73.92727338424086,0,Green
339,53.18671826350229,0,Green
489,68.73548725942052,0,Red
717,43.04255830346602,0,Red
982,59.97607168874231,0,Yellow
56,79.33013188334988,0,Yellow
245,33.54366343034765,0,Red
470,43.39398477746484,0,Yellow
617,48.80284263860514,0,Red
882,28.280929221203102,0,Red
242,24.862316627903407,0,Yellow
608,69.78337197929747,1,Yellow
197,78.60766236965517,0,Green
836,44.28350382977952,0,Green
718,25.258990171679194,0,Yellow
251,23.94870564143459,0,Yellow
493,73.47909238161792,0,Yellow
963,47.8288549836608,0,Green
468,39.20163899374352,0,Yellow
476,48.58767627436397,0,Green
528,39.09824568154084,1,Green
524,49.3421465184572,0,Green
175,71.57338381507621,0,Green
444,55.53808226372574,0,Red
866,61.67922636861052,0,Yellow
930,41.8802405740602,0,Yellow
855,64.31035271063112,0,Red
625,59.99702509276234,0,Yellow
374,27.173719865123388,0,Green
441,54.35857118693507,0,Red
979,35.40460977858548,1,Green
737,68.24574017801557,0,Red
677,45.55626250801637,0,Green
489,79.68104991178923,0,Yellow
253,25.550026276337828,0,Yellow
535,66.8208717644095,0,Yellow
882,60.42210401252939,0,Red
80,66.04992983544233,0,Yellow
437,38.45178772942738,0,Red
674,49.52326936294404,0,Green
926,67.7905111834225,0,Yellow
483,33.9524798972513,0,Green
886,33.561991807319124,0,Yellow
975,53.06305719769594,0,Green
425,51.41381477179135,0,Red
393,36.93574822477597,0,Yellow
492,37.88453903148937,0,Red
628,36.67070979239393,0,Red
124,66.29072371990927,0,Green
606,59.11405193374764,0,Yellow
821,69.94503100461516,0,Red
715,78.52838169884132,0,Green
204,48.44985777631919,0,Green
479,24.00163288432693,0,Green
412,22.885538624722127,0,Yellow
497,37.73990235629715,0,Yellow
283,75.95267536114704,0,Green
612,51.392783298252496,0,Yellow
867,36.30719096480775,0,Green
311,43.95000767066117,1,Yellow
876,55.91570644428025,0,Yellow
174,59.17697948827053,0,Green
960,29.235170586974306,0,Green
294,78.62190059271056,0,Yellow
591,52.68633361896733,0,Green
987,28.14129906753676,0,Green
534,73.61811520076802,1,Green
171,24.47830586476573,0,Green
174,74.46412599065076,0,Yellow
598,79.79393937733894,0,Red
219,62.02590794939023,0,Yellow
173,66.22683326443939,0,Green
918,40.23817018804918,0,Green
84,76.49461116403603,0,Yellow
136,51.78283796650206,0,Green
695,63.94330679585329,0,Yellow
757,75.44646295467678,1,Red
835,78.5107985585305,0,Green
250,69.99226139580045,0,Red
418,38.1810504189218,0,Red
846,77.99285099312493,0,Green
126,57.68717187461431,0,Green
108,75.83854858111759,0,Yellow
480,60.56630154886111,0,Yellow
687,38.43433771086323,0,Green
549,42.20147144856895,0,Yellow
962,53.02830662617643,0,Red
158,67.40089049359293,0,Red
785,39.07895308042009,0,Green
327,54.783869968051526,0,Yellow
117,40.737499614584095,0,Green
118,68.94616427810644,0,Red
214,48.00368562607703,0,Green
538,24.603369611173115,0,Green
354,29.963151288892185,0,Green
958,23.666280057177936,0,Green
723,49.95817676085952,0,Red
414,26.380237840893628,0,Green
903,26.848398158577925,0,Green
870,76.46289560230262,0,Yellow
428,72.35930433056333,0,Green
392,47.12519580868196,1,Yellow
996,79.14831925101234,0,Green
948,20.011191690239787,0,Yellow
603,56.83876737640362,0,Green
403,56.98569064231221,1,Yellow
465,47.446583352193294,1,Green
158,43.81687837605757,0,Green
612,47.32298812883646,0,Yellow
811,44.89762616478083,0,Green
546,63.829548648937966,0,Green
390,28.12132609839704,0,Green
991,31.85835323546781,0,Green
432,30.831093703545417,0,Red
582,35.748235107275875,0,Green
349,51.51550512689499,0,Red
188,26.67252484029312,0,Red
408,72.09015771959025,0,Green
885,37.84169187850834,0,Yellow
548,29.75227924812247,0,Yellow
434,60.5372785758946,0,Green
653,22.28517803595916,0,Red
329,57.198113892449854,0,Yellow
686,61.89190584058999,0,Green
532,32.89499188320315,0,Green
958,22.517844406618057,0,Red
160,41.81872153516697,0,Yellow
915,25.91565381451619,0,Green
188,26.988670980400222,0,Yellow
484,35.25567388669187,0,Green
558,37.72807547760556,0,Green
322,51.79822046128524,0,Green
148,60.70351313018079,0,Red
813,55.566256452211086,0,Red
899,28.90162023737101,0,Red
153,30.325161947157586,0,Yellow
263,72.72615498757487,0,Red
810,53.50113890384682,0,Red
713,72.19626997386135,0,Yellow
811,42.292790679192464,0,Yellow
836,56.86400044587943,0,Yellow
214,51.41980496327665,0,Yellow
902,39.14740938922776,0,Red
569,48.19492232201572,0,Red
333,50.14945260961592,0,Yellow
566,32.04625848540071,0,Red
706,38.900622342603896,0,Green
662,67.48458503041854,0,Red
213,74.94729436724762,1,Green
935,41.58764561271797,0,Yellow
708,38.418336932541095,0,Yellow
113,31.71182987431295,0,Red
140,60.70947011903488,0,Yellow
166,39.38598209998024,0,Red
915,79.2649723459513,0,Red
316,39.5410881238372,0,Red
871,43.648162806957686,0,Red
734,56.20005177272208,0,Green
608,68.1010575914783,0,Green
189,48.17111992073802,0,Yellow
295,45.3593620273375,0,Green
710,79.7382700156885,0,Yellow
807,20.629618468396668,0,Yellow
444,73.70391733107475,0,Red
536,28.948449556384247,0,Red
525,67.1555165725348,0,Red
566,57.07589359077788,0,Red
233,40.51083712988552,1,Red
69,72.4324973312611,0,Red
986,20.77443367885952,0,Green
607,33.60143912449542,0,Yellow
573,54.01356777497216,0,Yellow
631,41.09253560298188,0,Red
578,56.622649719099655,0,Green
932,21.446611604520008,0,Red
196,26.98753582890275,1,Green
715,27.62577441310636,0,Green
353,31.357018754960567,0,Yellow
669,47.55988644803257,0,Yellow
797,65.12772197261427,0,Green
869,74.33233027573407,0,Yellow
913,70.12235181705476,0,Green
631,31.813272306541016,0,Green
744,46.46903313383794,0,Green
811,31.9646958655121,0,Yellow
277,35.868309000031445,0,Red
151,50.212818890713166,0,Yellow
636,24.086541483411352,0,Red
466,33.09045977559639,0,Yellow
265,76.12268967842704,0,Yellow
456,47.96697755950934,0,Red
448,46.72319155867233,0,Green
972,20.87402928507673,0,Red
764,34.84398482350075,0,Green
753,71.97754615893088,0,Green
810,29.877705695520124,0,Yellow
548,44.90749637208327,0,Yellow
803,20.85985435202008,0,Yellow
514,48.70012890023335,0,Yellow
740,21.26126640357303,0,Yellow
998,69.176573183948,0,Red
780,69.49122604922621,0,Red
131,67.26453129814219,0,Red
653,37.00184413346709,0,Red
996,70.23423309330909,0,Yellow
736,52.57988795631616,0,Red
800,42.42848653202015,0,Red
821,57.51979758225398,0,Green
952,20.74046276362244,0,Yellow
414,28.57765265604513,0,Red
212,64.53761229021578,0,Red
97,34.64969652296918,0,Red
560,55.88054703972497,0,Yellow
378,43.10615616938178,0,Red
889,71.28834672795568,0,Green
165,77.14491835979862,0,Yellow
990,73.01388370221142,0,Green
898,36.2371996816158,0,Yellow
386,31.649772142764935,0,Red
930,48.4660936172441,0,Yellow
786,20.440049050170817,0,Yellow
913,21.548563571790904,0,Yellow
889,53.19743837738,0,Green
196,51.22696424991716,0,Yellow
624,79.6749193421156,0,Red
855,32.110510121825484,0,Yellow
372,35.48623574962811,0,Yellow
492,26.8124385395772,0,Red
886,75.05258057922468,0,Red
62,66.66867466750705,0,Green
992,69.34034668741086,0,Red
543,74.16582727787053,0,Red
750,51.493999203550295,0,Red
336,47.07159148704342,0,Yellow
769,39.82348841993699,0,Green
163,55.352876860871326,0,Red
529,47.25670380738935,0,Red
71,47.093935196334506,0,Red
398,76.21567182386833,0,Yellow
775,79.04189085674781,0,Yellow
732,67.78906335977484,0,Green
884,65.4054854148157,0,Green
615,60.833489706746086,0,Yellow
955,29.96449114001082,0,Red
859,23.546349252539272,0,Red
369,61.443578906795786,1,Green
175,63.72717333539456,0,Red
326,22.818379465888388,1,Yellow
253,75.68310501373088,0,Green
243,25.46843836668065,0,Yellow
730,37.15403202627215,0,Yellow
713,60.34338876792227,0,Red
596,30.19235566426858,0,Yellow
745,23.324953306534667,0,Yellow
335,39.86878934984899,0,Red
106,65.95829449131074,0,Yellow
783,44.82072073911562,0,Red
352,59.17837531447636,0,Yellow
212,54.7771458336882,0,Red
68,21.333108921534823,0,Red
419,79.3123992227424,0,Green
313,22.485685329163264,0,Yellow
843,78.06816425890909,0,Yellow
162,52.99185070186389,0,Green
537,77.789541623904,0,Red
376,26.885215964830127,0,Red
591,49.4245111511308,0,Green
696,30.17024551196352,0,Green
628,23.058492621346545,0,Red
114,57.051746903738696,0,Red
341,32.46700525770149,0,Green
74,55.26182109725276,0,Yellow
598,26.74186891693914,0,Red
50,39.91918828596216,0,Green
960,66.89795348319484,0,Yellow
598,46.22309131053126,0,Yellow
190,57.66472489384018,0,Yellow
793,58.84747644473276,0,Yellow
697,70.62530263923762,0,Green
950,39.49536766439848,0,Red
237,61.23773375495105,0,Yellow
177,77.69694842276994,0,Yellow
250,63.814600061472085,0,Green
176,49.39222860306467,0,Yellow
306,57.84304666951576,0,Green
725,64.38097386578649,0,Green
596,56.73654594163234,0,Red
243,21.00054880939035,0,Yellow
752,31.68640986123355,0,Red
153,68.62809303292796,0,Green
584,36.35903883874908,0,Yellow
314,63.89372717366803,0,Green
851,42.32721291450192,0,Green
991,51.31305968947659,0,Green
433,24.078397989164223,0,Yellow
309,30.87353366298257,0,Green
463,77.43181781115408,0,Green
407,73.40828320681484,0,Yellow
124,59.136506653943016,1,Red
404,47.57867584314424,0,Green
633,60.54567757371343,0,Red
820,57.11661734563634,0,Red
959,54.11313533627673,0,Red
237,23.55062431181251,0,Red
734,57.96815663969041,0,Red
339,66.1352026742701,0,Red
94,79.64489927873453,0,Yellow
622,20.664713155658585,0,Yellow
132,63.8104071986406,0,Red
172,54.30735895615883,0,Yellow
407,46.04313056485741,0,Yellow
577,27.65421047428225,0,Red
115,44.54510891809257,0,Red
985,41.26263097916812,0,Green
706,38.16979333872453,0,Yellow
424,63.85277739933246,0,Red
211,62.04353127705583,0,Yellow
795,55.341205458854695,0,Yellow
429,76.31988879760235,0,Yellow
705,40.99126305085127,0,Green
407,34.628116262610774,0,Red
237,59.354198785903975,0,Yellow
371,31.928843656244176,0,Red
499,38.900630431005474,0,Yellow
523,33.47614640449309,0,Red
62,24.149214063110072,0,Red
233,69.6499244981404,0,Red
160,35.272432575299675,0,Yellow
976,48.38165020058124,0,Green
557,22.59891639525872,0,Red
339,61.96036797515858,0,Green
344,39.833660138377454,0,Red
500,64.6842036697526,0,Green
953,44.744183628071966,0,Red
264,31.74533638433748,0,Green
681,50.79050493692216,0,Red
943,27.830273578246388,0,Red
616,46.43234959237968,0,Green
76,39.03832864522919,0,Red
679,74.71757505197799,0,Yellow
782,23.6557233032432,0,Red
280,61.64104484634452,0,Red
614,30.965069959246154,0,Yellow
856,39.14270445993439,0,Yellow
370,44.93084378372396,0,Yellow
962,74.48090536249845,0,Green
282,34.55469596442951,0,Yellow
719,25.47852815268021,0,Green
486,39.12137623943141,0,Yellow
830,26.280558232132,1,Green
582,27.71578915763315,0,Yellow
452,54.4310358785016,0,Yellow
102,23.6541159859696,0,Red
836,21.855852883613963,0,Yellow
362,62.86484608822987,0,Red
330,41.69882569046267,0,Yellow
775,27.522520954032395,0,Yellow
80,35.2167662515825,1,Red
386,58.52519044114394,0,Red
232,36.53219402845107,0,Green
72,49.67126750722447,0,Red
593,27.301718403600336,0,Green
495,55.28561825632682,0,Yellow
123,38.96466103059585,0,Red
59,57.61810607172299,0,Red
533,68.50369293824137,0,Yellow
505,56.69878516339955,0,Yellow
615,37.74485375570124,0,Yellow
613,35.34462209289802,0,Yellow
709,39.64525752400688,0,Red
209,29.87723079419029,0,Yellow
931,30.8703110510012,0,Yellow
63,67.44146611401007,0,Red
227,43.083954590446695,0,Green
461,46.15971083423515,0,Red
927,55.64296793400867,0,Green
102,55.379209709092855,0,Yellow
457,24.042612291315542,0,Red
896,69.89244718025994,0,Yellow
71,30.639593193436365,0,Red
79,63.38429816298013,0,Green
752,66.36025928769,0,Red
309,62.89397204547882,0,Yellow
254,54.73865879324871,0,Red
108,20.876539826532973,0,Yellow
520,41.62252954179024,0,Red
825,56.29036576175487,0,Green
515,43.24707775535232,0,Red
61,71.80879369476878,0,Red
680,38.52813652097692,0,Red
976,37.61208754751962,0,Red
339,35.95986158555948,0,Green
899,39.96685213764773,1,Yellow
809,53.44429785885123,0,Red
403,62.42091765635545,0,Red
688,59.754075064327104,0,Red
124,68.46306919888877,0,Green
922,73.15483972984549,0,Yellow
765,68.96474254060108,0,Yellow
610,21.136724202461277,0,Red
640,64.15507721311933,0,Red
490,32.5039744170999,1,Yellow
290,27.97568256247896,0,Red
910,58.30932708794813,0,Red
203,39.1845917244617,0,Red
835,23.427029802226595,0,Green
145,28.25778406390168,0,Green
775,20.055765012197664,0,Yellow
343,74.19341764068244,0,Green
258,21.477079030474314,0,Green
392,32.567346170570666,0,Yellow
137,44.97576684127444,0,Green
867,41.394279557049146,0,Yellow
825,74.70355261476655,0,Red
986,22.41733674407253,0,Yellow
439,50.732882460623095,0,Yellow
374,60.82876775146244,0,Yellow
989,75.90187842087013,0,Red
938,57.22227512742326,1,Red
881,68.22531416070576,0,Red
206,25.023496270720905,1,Yellow
717,43.15637065621564,0,Yellow
700,42.43682806874405,0,Yellow
682,73.17729298734307,0,Yellow
626,29.082270275796496,0,Yellow
668,29.11317034019781,0,Yellow
708,39.71348899314791,0,Yellow
186,23.267962842010256,1,Green
972,30.947482439149404,0,Red
723,77.9125783127441,0,Green
477,45.69103639203037,0,Red
501,57.921152505346186,0,Yellow
661,63.56667556067821,0,Green
899,42.01768442043203,0,Yellow
960,28.83362446463102,0,Green
868,32.39486097330685,0,Green
190,38.79598859483662,0,Yellow
132,58.16410522113354,0,Green
226,43.89683294534326,0,Green
247,20.408881874007687,0,Red
673,51.40443110404832,0,Yellow
617,75.29080351444507,0,Yellow
740,68.72465666052074,0,Green
470,69.51268227557787,0,Yellow
450,67.70348105636788,0,Red
747,39.42384953662542,0,Red
520,65.91163002526352,0,Yellow
267,28.58968146867158,0,Yellow
974,59.46296883655721,0,Red
978,58.49411400109966,0,Yellow
877,21.53418794538408,1,Green
778,67.2782080154559,0,Yellow
681,74.19488630570783,0,Green
955,36.04491670832646,0,Red
224,68.74344345116904,0,Yellow
72,24.94435831171689,0,Red
774,55.998071495663964,0,Yellow
966,49.13881192005663,0,Green
284,52.75541199854,0,Yellow
62,75.5723121130607,0,Red
150,72.27891483481122,0,Green
978,67.10501943438543,0,Yellow
585,36.42190746070226,0,Red
925,74.7091177211655,0,Red
572,25.85046154783252,0,Yellow
834,71.19975299352727,0,Red
501,39.68960434121647,0,Green
480,23.226338699719,0,Yellow
842,60.1614190544449,0,Green
655,33.876795698957324,0,Red
762,34.61426755187792,0,Red
582,38.36282997372629,0,Red
901,23.821086050151003,0,Green
772,30.627628651895243,0,Red
701,20.30837765513362,1,Yellow
342,46.72457126634721,0,Yellow
859,25.05532264507828,0,Red
962,60.95915630265194,0,Yellow
150,34.137371071498904,0,Green
551,76.61444864211063,0,Green
353,72.27509764391915,0,Red
920,37.3664536980925,0,Yellow
589,66.99292727940073,0,Yellow
602,68.19469427988838,0,Red
404,79.19378684686463,0,Green
352,55.8703992107411,0,Red
545,24.917944078619733,0,Yellow
707,58.810233735582855,0,Yellow
817,57.498784902562114,0,Red
276,58.301034645225904,0,Green
285,38.42873888625269,0,Green
922,71.58077510481998,1,Red
941,77.5683309773247,1,Yellow
504,33.06275077868909,0,Green
62,25.289129488198668,0,Red
259,31.672101990109045,0,Yellow
